keyword,avg_monthly_searches,competition,competition_index,top_bid_low_eur,top_bid_high_eur,three_month_change,yoy_change,cluster,fit,target
ai video generator,500000,Medium,59.0,1.01,4.6,0%,0%,AI video generator / maker / creator (head),adjacent,/ai-video-tools
ai video generators,500000,Medium,59.0,1.01,4.6,0%,0%,AI video generator / maker / creator (head),adjacent,/ai-video-tools
ai videogenerator,500000,Medium,59.0,1.01,4.6,0%,0%,AI video generator / maker / creator (head),adjacent,/ai-video-tools
video generator,50000,Medium,57.0,0.91,4.14,0%,900%,AI video generator / maker / creator (head),adjacent,/ai-video-tools
ai videos,50000,Medium,55.0,0.76,3.35,0%,0%,AI video generator / maker / creator (head),adjacent,/ai-video-tools
ai video editor,50000,Medium,60.0,0.7,3.25,0%,0%,AI video generator / maker / creator (head),adjacent,/ai-video-tools
ai video maker,50000,Medium,65.0,0.89,4.02,0%,0%,AI video generator / maker / creator (head),adjacent,/ai-video-tools
video ai,50000,Medium,61.0,0.77,4.47,0%,0%,AI video generator / maker / creator (head),adjacent,/ai-video-tools
ai generated video,50000,Medium,57.0,0.94,4.42,0%,0%,AI video generator / maker / creator (head),adjacent,/ai-video-tools
ai video creator,50000,High,72.0,1.21,6.08,0%,0%,AI video generator / maker / creator (head),adjacent,/ai-video-tools
video ai generator,50000,High,68.0,0.96,4.73,0%,900%,AI video generator / maker / creator (head),adjacent,/ai-video-tools
video generator ai,50000,High,70.0,0.9,4.32,0%,0%,AI video generator / maker / creator (head),adjacent,/ai-video-tools
ai video generation,50000,Low,10.0,1.32,7.21,0%,900%,AI video generator / maker / creator (head),adjacent,/ai-video-tools
ai generate videos,50000,Medium,57.0,0.94,4.42,0%,0%,AI video generator / maker / creator (head),adjacent,/ai-video-tools
ai video gen,50000,Low,10.0,1.32,7.21,0%,900%,AI video generator / maker / creator (head),adjacent,/ai-video-tools
ai vidio,50000,Medium,55.0,0.76,3.35,0%,0%,AI video generator / maker / creator (head),adjacent,/ai-video-tools
ai video creation,5000,Medium,65.0,1.82,8.91,0%,0%,AI video generator / maker / creator (head),adjacent,/ai-video-tools
video editing ai,5000,Medium,66.0,0.92,3.82,0%,0%,AI video generator / maker / creator (head),adjacent,/ai-video-tools
create video with ai,5000,High,73.0,1.25,6.13,0%,0%,AI video generator / maker / creator (head),adjacent,/ai-video-tools
video creator ai,5000,High,74.0,1.12,5.15,0%,0%,AI video generator / maker / creator (head),adjacent,/ai-video-tools
create ai video,5000,High,74.0,1.23,5.56,0%,0%,AI video generator / maker / creator (head),adjacent,/ai-video-tools
video maker ai,5000,Medium,65.0,0.94,4.13,0%,0%,AI video generator / maker / creator (head),adjacent,/ai-video-tools
video making ai,5000,High,71.0,1.07,4.54,0%,900%,AI video generator / maker / creator (head),adjacent,/ai-video-tools
ai generator video,5000,Medium,61.0,0.77,3.62,0%,0%,AI video generator / maker / creator (head),adjacent,/ai-video-tools
ai create video,5000,High,70.0,1.07,4.37,0%,0%,AI video generator / maker / creator (head),adjacent,/ai-video-tools
generate ai video,5000,High,71.0,0.99,4.99,0%,0%,AI video generator / maker / creator (head),adjacent,/ai-video-tools
make ai videos,5000,High,71.0,1.02,4.15,0%,0%,AI video generator / maker / creator (head),adjacent,/ai-video-tools
make video with ai,5000,High,71.0,1.04,4.95,0%,0%,AI video generator / maker / creator (head),adjacent,/ai-video-tools
ai that makes videos,5000,High,70.0,1.01,4.14,0%,0%,AI video generator / maker / creator (head),adjacent,/ai-video-tools
ai make video,5000,High,67.0,0.81,3.27,0%,0%,AI video generator / maker / creator (head),adjacent,/ai-video-tools
ai clip generator,5000,High,70.0,0.8,4.67,0%,-90%,AI video generator / maker / creator (head),adjacent,/ai-video-tools
ai video making,5000,High,67.0,0.89,4.0,0%,0%,AI video generator / maker / creator (head),adjacent,/ai-video-tools
create an ai video,5000,High,70.0,1.2,5.21,0%,0%,AI video generator / maker / creator (head),adjacent,/ai-video-tools
ai to make videos,5000,High,71.0,0.97,4.11,-90%,0%,AI video generator / maker / creator (head),adjacent,/ai-video-tools
make an ai video,5000,High,68.0,1.18,4.33,0%,0%,AI video generator / maker / creator (head),adjacent,/ai-video-tools
video to video ai,5000,Medium,49.0,0.69,3.83,0%,0%,AI video generator / maker / creator (head),adjacent,/ai-video-tools
video generating ai,5000,High,70.0,1.57,6.83,0%,0%,AI video generator / maker / creator (head),adjacent,/ai-video-tools
video generation ai,5000,High,70.0,1.57,6.83,0%,0%,AI video generator / maker / creator (head),adjacent,/ai-video-tools
ai video generator app,5000,Medium,46.0,1.18,4.36,0%,0%,AI video generator / maker / creator (head),adjacent,/ai-video-tools
video ai maker,5000,High,73.0,0.89,4.33,0%,900%,AI video generator / maker / creator (head),adjacent,/ai-video-tools
ai video app,5000,Medium,62.0,1.15,3.67,0%,0%,AI video generator / maker / creator (head),adjacent,/ai-video-tools
ai making videos,5000,High,67.0,0.81,3.27,0%,0%,AI video generator / maker / creator (head),adjacent,/ai-video-tools
ai to make video,5000,High,71.0,0.97,4.11,-90%,0%,AI video generator / maker / creator (head),adjacent,/ai-video-tools
creating videos with ai,5000,High,73.0,1.25,6.13,0%,0%,AI video generator / maker / creator (head),adjacent,/ai-video-tools
artificial intelligence video generator,5000,Low,1.0,3.27,5.3,-90%,900%,AI video generator / maker / creator (head),adjacent,/ai-video-tools
ai create videos,5000,High,70.0,1.07,4.37,0%,0%,AI video generator / maker / creator (head),adjacent,/ai-video-tools
ai creating videos,5000,High,70.0,1.07,4.37,0%,0%,AI video generator / maker / creator (head),adjacent,/ai-video-tools
making video with ai,5000,High,71.0,1.04,4.95,0%,0%,AI video generator / maker / creator (head),adjacent,/ai-video-tools
making videos with ai,5000,High,71.0,1.04,4.95,0%,0%,AI video generator / maker / creator (head),adjacent,/ai-video-tools
creating ai videos,5000,High,74.0,1.23,5.56,0%,0%,AI video generator / maker / creator (head),adjacent,/ai-video-tools
ai clip maker,5000,High,67.0,0.81,4.46,0%,0%,AI video generator / maker / creator (head),adjacent,/ai-video-tools
ai creating video,5000,High,70.0,1.07,4.37,0%,0%,AI video generator / maker / creator (head),adjacent,/ai-video-tools
make a ai video,5000,Medium,55.0,0.97,3.53,0%,900%,AI video generator / maker / creator (head),adjacent,/ai-video-tools
creating video with ai,5000,High,73.0,1.25,6.13,0%,0%,AI video generator / maker / creator (head),adjacent,/ai-video-tools
making ai videos,5000,High,71.0,1.02,4.15,0%,0%,AI video generator / maker / creator (head),adjacent,/ai-video-tools
create video with artificial intelligence,5000,High,73.0,1.25,6.13,0%,0%,AI video generator / maker / creator (head),adjacent,/ai-video-tools
ai generator videos,5000,Medium,61.0,0.77,3.62,0%,0%,AI video generator / maker / creator (head),adjacent,/ai-video-tools
ai make videos,5000,High,67.0,0.81,3.27,0%,0%,AI video generator / maker / creator (head),adjacent,/ai-video-tools
online video generator,5000,Low,10.0,0.62,3.47,0%,0%,AI video generator / maker / creator (head),adjacent,/ai-video-tools
artificial intelligence create video,5000,High,70.0,1.07,4.37,0%,0%,AI video generator / maker / creator (head),adjacent,/ai-video-tools
ai creates videos,5000,High,70.0,1.07,4.37,0%,0%,AI video generator / maker / creator (head),adjacent,/ai-video-tools
ai creator video,5000,Medium,61.0,0.77,3.62,0%,0%,AI video generator / maker / creator (head),adjacent,/ai-video-tools
ai creates video,5000,High,70.0,1.07,4.37,0%,0%,AI video generator / maker / creator (head),adjacent,/ai-video-tools
making ai video,5000,High,71.0,1.02,4.15,0%,0%,AI video generator / maker / creator (head),adjacent,/ai-video-tools
ia create video,5000,High,70.0,1.07,4.37,0%,0%,AI video generator / maker / creator (head),adjacent,/ai-video-tools
ai clips,5000,Medium,62.0,0.7,4.1,0%,0%,AI video generator / maker / creator (head),adjacent,/ai-video-tools
artificial intelligence ted talks,5000,Low,5.0,1.7,6.45,0%,0%,AI video generator / maker / creator (head),adjacent,/ai-video-tools
video to text ai,500,Medium,53.0,0.63,4.65,0%,0%,AI video generator / maker / creator (head),adjacent,/ai-video-tools
ai for video creation,500,Medium,34.0,1.53,6.01,900%,900%,AI video generator / maker / creator (head),adjacent,/ai-video-tools
ai for video editing,500,Low,31.0,0.95,3.7,900%,900%,AI video generator / maker / creator (head),adjacent,/ai-video-tools
make a video ai,500,High,71.0,0.89,3.69,0%,0%,AI video generator / maker / creator (head),adjacent,/ai-video-tools
ai video to text,500,Medium,55.0,0.66,3.6,0%,0%,AI video generator / maker / creator (head),adjacent,/ai-video-tools
ai to create videos,500,High,74.0,1.4,6.47,0%,0%,AI video generator / maker / creator (head),adjacent,/ai-video-tools
create video ai,500,High,72.0,0.98,5.23,0%,0%,AI video generator / maker / creator (head),adjacent,/ai-video-tools
video creation ai,500,High,75.0,1.77,8.67,0%,0%,AI video generator / maker / creator (head),adjacent,/ai-video-tools
create a video with ai,500,High,71.0,1.51,6.33,0%,0%,AI video generator / maker / creator (head),adjacent,/ai-video-tools
video mockup generator,500,Medium,61.0,1.11,4.87,0%,-90%,AI video generator / maker / creator (head),adjacent,/ai-video-tools
ai video editor online,500,Medium,47.0,0.45,2.55,0%,0%,AI video generator / maker / creator (head),adjacent,/ai-video-tools
ai that creates videos,500,High,75.0,1.58,6.95,0%,0%,AI video generator / maker / creator (head),adjacent,/ai-video-tools
ai video content creator,500,High,70.0,1.72,7.94,900%,0%,AI video generator / maker / creator (head),adjacent,/ai-video-tools
ai motion graphics generator,500,Medium,59.0,1.77,6.67,0%,0%,AI video generator / maker / creator (head),adjacent,/ai-video-tools
generative ai video,500,Medium,53.0,1.21,6.24,0%,0%,AI video generator / maker / creator (head),adjacent,/ai-video-tools
video ai creator,500,High,69.0,1.12,6.1,0%,0%,AI video generator / maker / creator (head),adjacent,/ai-video-tools
ai video generator online,500,Medium,42.0,0.64,3.12,0%,0%,AI video generator / maker / creator (head),adjacent,/ai-video-tools
text to ai video,500,High,68.0,1.11,3.93,0%,0%,AI video generator / maker / creator (head),adjacent,/ai-video-tools
generate video with ai,500,Medium,64.0,1.33,6.02,0%,0%,AI video generator / maker / creator (head),adjacent,/ai-video-tools
mockup video generator,500,Medium,61.0,1.11,4.87,0%,-90%,AI video generator / maker / creator (head),adjacent,/ai-video-tools
make a video with ai,500,High,71.0,1.08,5.0,0%,0%,AI video generator / maker / creator (head),adjacent,/ai-video-tools
create video using ai,500,High,73.0,1.55,7.19,0%,0%,AI video generator / maker / creator (head),adjacent,/ai-video-tools
create a video using ai,500,High,73.0,1.18,5.43,0%,0%,AI video generator / maker / creator (head),adjacent,/ai-video-tools
generate video ai,500,High,72.0,0.65,4.29,0%,0%,AI video generator / maker / creator (head),adjacent,/ai-video-tools
ai video clip generator,500,Medium,58.0,1.13,5.62,0%,0%,AI video generator / maker / creator (head),adjacent,/ai-video-tools
audio to video ai,500,Medium,46.0,1.08,4.33,0%,0%,AI video generator / maker / creator (head),adjacent,/ai-video-tools
ai to edit videos,500,High,67.0,0.74,2.6,0%,0%,AI video generator / maker / creator (head),adjacent,/ai-video-tools
ai to create video,500,High,74.0,1.4,6.47,0%,0%,AI video generator / maker / creator (head),adjacent,/ai-video-tools
ai to video,500,Medium,54.0,0.78,4.65,0%,0%,AI video generator / maker / creator (head),adjacent,/ai-video-tools
make video ai,500,Medium,64.0,0.79,3.73,0%,0%,AI video generator / maker / creator (head),adjacent,/ai-video-tools
ai for making videos,500,High,72.0,1.03,5.23,0%,0%,AI video generator / maker / creator (head),adjacent,/ai-video-tools
ai for creating videos,500,High,72.0,1.31,6.33,0%,0%,AI video generator / maker / creator (head),adjacent,/ai-video-tools
create videos using ai,500,High,73.0,1.55,7.19,0%,0%,AI video generator / maker / creator (head),adjacent,/ai-video-tools
ai make a video,500,High,69.0,0.87,3.12,0%,0%,AI video generator / maker / creator (head),adjacent,/ai-video-tools
ai that edits videos,500,High,68.0,0.78,2.81,0%,0%,AI video generator / maker / creator (head),adjacent,/ai-video-tools
ai generated video maker,500,High,70.0,1.3,5.9,0%,0%,AI video generator / maker / creator (head),adjacent,/ai-video-tools
ai that generates videos,500,High,72.0,1.07,5.16,0%,0%,AI video generator / maker / creator (head),adjacent,/ai-video-tools
vimeo ai,500,Low,26.0,0.96,4.99,0%,0%,AI video generator / maker / creator (head),adjacent,/ai-video-tools
ai video generator from script,500,Medium,56.0,1.97,9.06,0%,0%,AI video generator / maker / creator (head),adjacent,/ai-video-tools
ai to generate video,500,High,73.0,1.02,5.69,0%,0%,AI video generator / maker / creator (head),adjacent,/ai-video-tools
generative video ai,500,High,71.0,2.0,8.57,0%,0%,AI video generator / maker / creator (head),adjacent,/ai-video-tools
ai video generator from video,500,Medium,50.0,0.85,4.52,0%,0%,AI video generator / maker / creator (head),adjacent,/ai-video-tools
vidiq ai coach,500,Low,31.0,0.09,6.77,900%,0%,AI video generator / maker / creator (head),adjacent,/ai-video-tools
stable diffusion ai video generator,500,Medium,39.0,1.06,4.02,0%,-90%,AI video generator / maker / creator (head),adjacent,/ai-video-tools
generate videos with ai,500,Medium,64.0,1.33,6.02,0%,0%,AI video generator / maker / creator (head),adjacent,/ai-video-tools
ai youtube title generator,500,Low,22.0,0.19,3.43,0%,-90%,AI video generator / maker / creator (head),adjacent,/ai-video-tools
video with ai,500,Medium,64.0,0.88,5.26,0%,0%,AI video generator / maker / creator (head),adjacent,/ai-video-tools
ai movie creator,500,High,72.0,1.48,6.76,0%,0%,AI video generator / maker / creator (head),adjacent,/ai-video-tools
ai video create,500,High,71.0,0.86,4.48,0%,0%,AI video generator / maker / creator (head),adjacent,/ai-video-tools
ai generated video content,500,Medium,39.0,1.13,11.55,0%,0%,AI video generator / maker / creator (head),adjacent,/ai-video-tools
ai powered video creation,500,Low,2.0,0.47,8.52,-90%,0%,AI video generator / maker / creator (head),adjacent,/ai-video-tools
using ai to create videos,500,High,67.0,1.21,5.46,0%,0%,AI video generator / maker / creator (head),adjacent,/ai-video-tools
create ai generated videos,500,High,70.0,1.91,9.22,0%,0%,AI video generator / maker / creator (head),adjacent,/ai-video-tools
create videos ai,500,High,72.0,0.98,5.23,0%,0%,AI video generator / maker / creator (head),adjacent,/ai-video-tools
ai generative video,500,Medium,56.0,1.09,7.26,0%,0%,AI video generator / maker / creator (head),adjacent,/ai-video-tools
open ai video generator,500,Medium,67.0,1.0,5.99,0%,0%,AI video generator / maker / creator (head),adjacent,/ai-video-tools
ai to generate videos,500,High,73.0,1.02,5.69,0%,0%,AI video generator / maker / creator (head),adjacent,/ai-video-tools
create a video ai,500,High,72.0,1.04,6.25,0%,0%,AI video generator / maker / creator (head),adjacent,/ai-video-tools
ai for video generation,500,High,75.0,1.32,7.4,0%,0%,AI video generator / maker / creator (head),adjacent,/ai-video-tools
use ai to create videos,500,High,67.0,1.21,5.46,0%,0%,AI video generator / maker / creator (head),adjacent,/ai-video-tools
online ai video generator,500,Medium,42.0,0.79,3.94,0%,0%,AI video generator / maker / creator (head),adjacent,/ai-video-tools
ai stock video,500,Medium,59.0,1.36,6.47,0%,-90%,AI video generator / maker / creator (head),adjacent,/ai-video-tools
video generative ai,500,Medium,64.0,1.17,4.88,-90%,0%,AI video generator / maker / creator (head),adjacent,/ai-video-tools
video to ai,500,Medium,44.0,0.7,3.17,0%,0%,AI video generator / maker / creator (head),adjacent,/ai-video-tools
audio to video ai generator,500,High,72.0,1.21,6.87,0%,0%,AI video generator / maker / creator (head),adjacent,/ai-video-tools
create a ai video,500,High,70.0,1.26,5.14,0%,0%,AI video generator / maker / creator (head),adjacent,/ai-video-tools
video ai app,500,Medium,66.0,1.13,4.18,0%,0%,AI video generator / maker / creator (head),adjacent,/ai-video-tools
open source ai video generator,500,Medium,38.0,0.83,3.48,900%,900%,AI video generator / maker / creator (head),adjacent,/ai-video-tools
stable diffusion video generation,500,Medium,40.0,1.06,4.14,0%,0%,AI video generator / maker / creator (head),adjacent,/ai-video-tools
ai montage maker,500,High,70.0,0.89,2.79,0%,0%,AI video generator / maker / creator (head),adjacent,/ai-video-tools
use ai to create video,500,High,67.0,1.21,5.46,0%,0%,AI video generator / maker / creator (head),adjacent,/ai-video-tools
artificial intelligence video creation,500,Low,17.0,,,∞,0%,AI video generator / maker / creator (head),adjacent,/ai-video-tools
video create ai,500,High,74.0,1.16,6.37,0%,0%,AI video generator / maker / creator (head),adjacent,/ai-video-tools
text to ai video generator,500,High,70.0,0.98,4.82,0%,0%,AI video generator / maker / creator (head),adjacent,/ai-video-tools
ai video generate,500,Medium,66.0,0.94,4.34,0%,0%,AI video generator / maker / creator (head),adjacent,/ai-video-tools
ai audio to video generator,500,High,67.0,0.98,3.88,-90%,-90%,AI video generator / maker / creator (head),adjacent,/ai-video-tools
ai b roll,500,Medium,52.0,1.61,6.55,0%,0%,AI video generator / maker / creator (head),adjacent,/ai-video-tools
ai powered video,500,Medium,58.0,0.95,3.3,0%,0%,AI video generator / maker / creator (head),adjacent,/ai-video-tools
ai video maker app,500,Medium,49.0,1.19,3.61,0%,0%,AI video generator / maker / creator (head),adjacent,/ai-video-tools
sync generator,500,High,92.0,0.46,1.34,0%,0%,AI video generator / maker / creator (head),adjacent,/ai-video-tools
ai made video,500,Medium,51.0,0.8,3.05,0%,-90%,AI video generator / maker / creator (head),adjacent,/ai-video-tools
generative ai videos,500,Medium,53.0,1.21,6.24,0%,0%,AI video generator / maker / creator (head),adjacent,/ai-video-tools
ai talking video,500,Medium,56.0,0.69,3.75,-90%,-90%,AI video generator / maker / creator (head),adjacent,/ai-video-tools
videos with ai,500,Medium,64.0,0.88,5.26,0%,0%,AI video generator / maker / creator (head),adjacent,/ai-video-tools
ai made videos,500,Medium,51.0,0.8,3.05,0%,-90%,AI video generator / maker / creator (head),adjacent,/ai-video-tools
video generate ai,500,High,72.0,1.14,4.93,0%,0%,AI video generator / maker / creator (head),adjacent,/ai-video-tools
ai audio to video,500,Medium,46.0,1.28,5.85,-90%,-90%,AI video generator / maker / creator (head),adjacent,/ai-video-tools
ai that creates video,500,High,75.0,1.58,6.95,0%,0%,AI video generator / maker / creator (head),adjacent,/ai-video-tools
ai video clips,500,Medium,60.0,0.93,4.47,0%,0%,AI video generator / maker / creator (head),adjacent,/ai-video-tools
celebrity ai video generator,500,Medium,53.0,0.7,3.43,0%,0%,AI video generator / maker / creator (head),adjacent,/ai-video-tools
ai video creator app,500,High,73.0,1.54,4.8,0%,0%,AI video generator / maker / creator (head),adjacent,/ai-video-tools
ai video maker online,500,Medium,63.0,0.77,3.57,-90%,0%,AI video generator / maker / creator (head),adjacent,/ai-video-tools
ai generation video,500,Medium,66.0,0.95,4.82,0%,0%,AI video generator / maker / creator (head),adjacent,/ai-video-tools
audio to video generator,500,Medium,53.0,0.56,3.18,0%,-90%,AI video generator / maker / creator (head),adjacent,/ai-video-tools
google video ai generator,500,Medium,67.0,1.31,7.43,0%,0%,AI video generator / maker / creator (head),adjacent,/ai-video-tools
generative video,500,Medium,52.0,1.43,6.02,900%,0%,AI video generator / maker / creator (head),adjacent,/ai-video-tools
using ai to create video,500,High,67.0,1.21,5.46,0%,0%,AI video generator / maker / creator (head),adjacent,/ai-video-tools
ai video online,500,Medium,51.0,0.39,2.63,0%,0%,AI video generator / maker / creator (head),adjacent,/ai-video-tools
deep fake video generator,500,Medium,48.0,0.8,2.84,0%,0%,AI video generator / maker / creator (head),adjacent,/ai-video-tools
ai that generates video,500,High,72.0,1.07,5.16,0%,0%,AI video generator / maker / creator (head),adjacent,/ai-video-tools
video ai generation,500,Medium,61.0,1.58,8.15,0%,0%,AI video generator / maker / creator (head),adjacent,/ai-video-tools
meta video ai,500,Medium,43.0,0.56,4.19,0%,900%,AI video generator / maker / creator (head),adjacent,/ai-video-tools
video clip ai,500,High,67.0,1.03,4.96,0%,0%,AI video generator / maker / creator (head),adjacent,/ai-video-tools
ai video website,500,Medium,49.0,0.87,3.47,0%,0%,AI video generator / maker / creator (head),adjacent,/ai-video-tools
ai video generated,500,Medium,66.0,0.94,4.34,0%,0%,AI video generator / maker / creator (head),adjacent,/ai-video-tools
time lapse generator,500,Low,22.0,0.43,1.79,0%,0%,AI video generator / maker / creator (head),adjacent,/ai-video-tools
ai character video generator,500,Medium,59.0,1.15,4.44,-90%,-90%,AI video generator / maker / creator (head),adjacent,/ai-video-tools
ai video generator website,500,Medium,52.0,1.19,4.94,0%,0%,AI video generator / maker / creator (head),adjacent,/ai-video-tools
open ai video,500,Medium,57.0,1.04,5.14,0%,0%,AI video generator / maker / creator (head),adjacent,/ai-video-tools
ai video generatoronline,500,Medium,42.0,0.64,3.12,0%,0%,AI video generator / maker / creator (head),adjacent,/ai-video-tools
video ai generated,500,Medium,48.0,0.84,4.7,0%,900%,AI video generator / maker / creator (head),adjacent,/ai-video-tools
ai video generator google,500,Medium,56.0,0.91,5.22,0%,0%,AI video generator / maker / creator (head),adjacent,/ai-video-tools
meta video generator,500,Medium,55.0,0.72,3.64,0%,900%,AI video generator / maker / creator (head),adjacent,/ai-video-tools
fake news video generator,500,Low,24.0,0.55,1.71,0%,0%,AI video generator / maker / creator (head),adjacent,/ai-video-tools
ai art videos,500,Low,29.0,1.11,4.96,0%,0%,AI video generator / maker / creator (head),adjacent,/ai-video-tools
ai robot video,500,Low,2.0,,,0%,-90%,AI video generator / maker / creator (head),adjacent,/ai-video-tools
ai describe video,500,Low,16.0,1.09,5.84,0%,0%,AI video generator / maker / creator (head),adjacent,/ai-video-tools
ai shoujo video,500,Low,0.0,,,0%,0%,AI video generator / maker / creator (head),adjacent,/ai-video-tools
blackmagic proxy generator lite,500,Low,0.0,,,0%,0%,AI video generator / maker / creator (head),adjacent,/ai-video-tools
generator video,500,Medium,41.0,0.73,3.32,0%,0%,AI video generator / maker / creator (head),adjacent,/ai-video-tools
google ai generated video,500,Medium,64.0,0.81,4.82,900%,0%,AI video generator / maker / creator (head),adjacent,/ai-video-tools
meta video generation,500,Medium,50.0,1.38,5.92,900%,900%,AI video generator / maker / creator (head),adjacent,/ai-video-tools
artificial intelligence video maker,50,High,79.0,1.48,3.83,0%,0%,AI video generator / maker / creator (head),adjacent,/ai-video-tools
ai based video generator,50,High,75.0,2.13,6.24,0%,0%,AI video generator / maker / creator (head),adjacent,/ai-video-tools
ai video content generator,50,High,73.0,2.3,10.06,0%,0%,AI video generator / maker / creator (head),adjacent,/ai-video-tools
ai stock video generator,50,Medium,41.0,0.55,4.27,0%,0%,AI video generator / maker / creator (head),adjacent,/ai-video-tools
ai video generator open source,50,Medium,46.0,1.21,4.57,0%,-90%,AI video generator / maker / creator (head),adjacent,/ai-video-tools
ai person video generator,50,Medium,45.0,1.24,5.76,0%,0%,AI video generator / maker / creator (head),adjacent,/ai-video-tools
create ai videos by simply typing in text,50,Unknown,,,,-100%,0%,AI video generator / maker / creator (head),adjacent,/ai-video-tools
ai stock footage,50,Medium,53.0,1.5,9.37,0%,0%,AI video generator / maker / creator (head),adjacent,/ai-video-tools
ai text to speech video,50,Medium,40.0,0.5,2.03,0%,0%,AI video generator / maker / creator (head),adjacent,/ai-video-tools
create video from script ai,50,High,84.0,1.3,5.73,0%,0%,AI video generator / maker / creator (head),adjacent,/ai-video-tools
ai video text to speech,50,High,71.0,0.72,5.38,0%,0%,AI video generator / maker / creator (head),adjacent,/ai-video-tools
ai human video generator,50,Medium,56.0,1.17,7.02,0%,0%,AI video generator / maker / creator (head),adjacent,/ai-video-tools
artificial intelligence video,50,Low,21.0,0.96,3.3,0%,0%,AI video generator / maker / creator (head),adjacent,/ai-video-tools
ai for video making,50,High,76.0,1.53,6.65,0%,0%,AI video generator / maker / creator (head),adjacent,/ai-video-tools
speech to video ai,50,Medium,52.0,1.03,6.59,0%,0%,AI video generator / maker / creator (head),adjacent,/ai-video-tools
ai text to speech video maker,50,Low,32.0,,,0%,0%,AI video generator / maker / creator (head),adjacent,/ai-video-tools
ai text video generator,50,Medium,50.0,1.43,4.49,0%,-90%,AI video generator / maker / creator (head),adjacent,/ai-video-tools
b roll ai,50,Medium,56.0,1.1,4.91,0%,0%,AI video generator / maker / creator (head),adjacent,/ai-video-tools
make a video with text ai,50,Unknown,,,,-100%,-100%,AI video generator / maker / creator (head),adjacent,/ai-video-tools
ai face video generator,50,Medium,55.0,0.49,2.02,0%,0%,AI video generator / maker / creator (head),adjacent,/ai-video-tools
ai video generator from audio,50,Medium,47.0,1.74,6.63,0%,-90%,AI video generator / maker / creator (head),adjacent,/ai-video-tools
human ai video generator,50,Medium,51.0,2.07,6.05,0%,0%,AI video generator / maker / creator (head),adjacent,/ai-video-tools
create video by ai,50,High,68.0,0.79,5.41,0%,0%,AI video generator / maker / creator (head),adjacent,/ai-video-tools
youtube title generator ai,50,Medium,37.0,0.52,3.14,0%,-90%,AI video generator / maker / creator (head),adjacent,/ai-video-tools
video to text generator,50,Medium,52.0,0.64,3.31,0%,0%,AI video generator / maker / creator (head),adjacent,/ai-video-tools
ai video art,50,Medium,39.0,2.07,11.1,0%,0%,AI video generator / maker / creator (head),adjacent,/ai-video-tools
word to video ai,50,High,73.0,0.94,4.2,0%,-90%,AI video generator / maker / creator (head),adjacent,/ai-video-tools
make videos using ai,50,High,71.0,1.42,6.18,0%,0%,AI video generator / maker / creator (head),adjacent,/ai-video-tools
video generated by ai,50,High,69.0,0.8,3.57,0%,0%,AI video generator / maker / creator (head),adjacent,/ai-video-tools
video creation with ai,50,High,72.0,1.9,7.22,0%,0%,AI video generator / maker / creator (head),adjacent,/ai-video-tools
ai based video maker,50,Medium,51.0,1.21,6.06,0%,0%,AI video generator / maker / creator (head),adjacent,/ai-video-tools
stock video ai,50,Medium,64.0,0.71,5.24,0%,0%,AI video generator / maker / creator (head),adjacent,/ai-video-tools
ai instructional videos,50,High,86.0,,,0%,0%,AI video generator / maker / creator (head),adjacent,/ai-video-tools
ai powered video creator,50,Low,5.0,,,0%,0%,AI video generator / maker / creator (head),adjacent,/ai-video-tools
make video using ai,50,High,71.0,1.42,6.18,0%,0%,AI video generator / maker / creator (head),adjacent,/ai-video-tools
ai generated video art,50,Low,26.0,,,0%,0%,AI video generator / maker / creator (head),adjacent,/ai-video-tools
ai art generator video,50,Medium,49.0,0.8,2.98,0%,0%,AI video generator / maker / creator (head),adjacent,/ai-video-tools
ai footage generator,50,High,81.0,1.38,8.3,0%,0%,AI video generator / maker / creator (head),adjacent,/ai-video-tools
ai video person,50,Medium,63.0,0.49,2.59,0%,0%,AI video generator / maker / creator (head),adjacent,/ai-video-tools
text generated videos,50,Unknown,,,,-100%,-100%,AI video generator / maker / creator (head),adjacent,/ai-video-tools
generate video using ai,50,High,74.0,0.49,2.39,0%,0%,AI video generator / maker / creator (head),adjacent,/ai-video-tools
video content ai,50,Medium,64.0,1.45,16.32,0%,0%,AI video generator / maker / creator (head),adjacent,/ai-video-tools
online ai video maker,50,High,70.0,0.72,2.78,0%,0%,AI video generator / maker / creator (head),adjacent,/ai-video-tools
ai video content,50,Medium,36.0,2.03,9.3,0%,0%,AI video generator / maker / creator (head),adjacent,/ai-video-tools
embed video generator,50,Low,2.0,,,0%,0%,AI video generator / maker / creator (head),adjacent,/ai-video-tools
script generator from video,50,Medium,58.0,0.71,2.87,0%,0%,AI video generator / maker / creator (head),adjacent,/ai-video-tools
vid io generator,50,Unknown,,,,0%,0%,AI video generator / maker / creator (head),adjacent,/ai-video-tools
ai visual video generator,50,High,86.0,,,0%,0%,AI video generator / maker / creator (head),adjacent,/ai-video-tools
stable diffusion ai video,50,Medium,59.0,1.14,4.57,0%,-90%,AI video generator / maker / creator (head),adjacent,/ai-video-tools
text to speech video generator,50,Medium,54.0,0.97,3.38,0%,0%,AI video generator / maker / creator (head),adjacent,/ai-video-tools
video created by ai,50,Medium,42.0,0.98,5.54,0%,0%,AI video generator / maker / creator (head),adjacent,/ai-video-tools
create video from ai,50,High,67.0,1.76,3.93,0%,0%,AI video generator / maker / creator (head),adjacent,/ai-video-tools
synesthesia ai video,50,Medium,53.0,0.69,6.88,0%,-90%,AI video generator / maker / creator (head),adjacent,/ai-video-tools
audio waveform video generator,50,Low,24.0,0.54,1.62,0%,0%,AI video generator / maker / creator (head),adjacent,/ai-video-tools
waveform video generator,50,Medium,35.0,0.75,3.51,0%,0%,AI video generator / maker / creator (head),adjacent,/ai-video-tools
create your own ai video,50,High,72.0,0.86,3.28,0%,0%,AI video generator / maker / creator (head),adjacent,/ai-video-tools
text video ai,50,Medium,56.0,0.69,3.69,0%,0%,AI video generator / maker / creator (head),adjacent,/ai-video-tools
video clip generator,50,High,77.0,1.56,7.55,-90%,0%,AI video generator / maker / creator (head),adjacent,/ai-video-tools
ai title generator for youtube,50,Low,24.0,,,0%,-90%,AI video generator / maker / creator (head),adjacent,/ai-video-tools
ai generated video clips,50,Medium,35.0,1.42,7.38,0%,0%,AI video generator / maker / creator (head),adjacent,/ai-video-tools
ai person video,50,Low,32.0,0.8,2.1,0%,0%,AI video generator / maker / creator (head),adjacent,/ai-video-tools
dall e video generator,50,Medium,66.0,0.89,6.55,0%,0%,AI video generator / maker / creator (head),adjacent,/ai-video-tools
ai text video,50,Medium,46.0,0.74,4.55,0%,0%,AI video generator / maker / creator (head),adjacent,/ai-video-tools
countdown timer video generator,50,Low,21.0,1.2,7.0,0%,0%,AI video generator / maker / creator (head),adjacent,/ai-video-tools
ai video speaker,50,Medium,54.0,,,0%,0%,AI video generator / maker / creator (head),adjacent,/ai-video-tools
logo video generator,50,Medium,41.0,2.05,7.77,0%,0%,AI video generator / maker / creator (head),adjacent,/ai-video-tools
video content generator,50,High,74.0,2.06,3.57,0%,0%,AI video generator / maker / creator (head),adjacent,/ai-video-tools
video b roll ai,50,High,86.0,,,∞,0%,AI video generator / maker / creator (head),adjacent,/ai-video-tools
video by ai,50,Medium,53.0,0.95,2.95,0%,0%,AI video generator / maker / creator (head),adjacent,/ai-video-tools
video highlight generator,50,Medium,43.0,,,0%,0%,AI video generator / maker / creator (head),adjacent,/ai-video-tools
ai generated person video,50,Low,29.0,,,0%,0%,AI video generator / maker / creator (head),adjacent,/ai-video-tools
ai auto video generator,50,Medium,62.0,1.21,10.55,0%,0%,AI video generator / maker / creator (head),adjacent,/ai-video-tools
sound wave video generator,50,Low,9.0,0.99,3.56,0%,0%,AI video generator / maker / creator (head),adjacent,/ai-video-tools
ai generate video from audio,50,Low,22.0,2.51,4.26,0%,0%,AI video generator / maker / creator (head),adjacent,/ai-video-tools
video creation using ai,50,High,71.0,2.28,18.72,0%,0%,AI video generator / maker / creator (head),adjacent,/ai-video-tools
ai human video,50,Medium,37.0,1.06,4.47,0%,0%,AI video generator / maker / creator (head),adjacent,/ai-video-tools
ai speaking video,50,High,80.0,1.16,2.84,0%,0%,AI video generator / maker / creator (head),adjacent,/ai-video-tools
stable diffusion video ai,50,Low,29.0,,,0%,0%,AI video generator / maker / creator (head),adjacent,/ai-video-tools
text generator from video,50,Medium,49.0,0.23,2.43,0%,0%,AI video generator / maker / creator (head),adjacent,/ai-video-tools
text generator video,50,Medium,41.0,1.36,2.16,0%,0%,AI video generator / maker / creator (head),adjacent,/ai-video-tools
speech to video generator,50,High,83.0,2.23,6.54,0%,0%,AI video generator / maker / creator (head),adjacent,/ai-video-tools
ai face generator video,50,Medium,46.0,0.94,1.79,0%,0%,AI video generator / maker / creator (head),adjacent,/ai-video-tools
videos created by ai,50,Medium,42.0,0.98,5.54,0%,0%,AI video generator / maker / creator (head),adjacent,/ai-video-tools
ai speech to video,50,Medium,57.0,,,0%,0%,AI video generator / maker / creator (head),adjacent,/ai-video-tools
ai speech video generator,50,Medium,57.0,,,0%,0%,AI video generator / maker / creator (head),adjacent,/ai-video-tools
ai fake video generator,50,Medium,63.0,0.64,2.94,0%,0%,AI video generator / maker / creator (head),adjacent,/ai-video-tools
make a video ai meta,50,Unknown,,,,-100%,-100%,AI video generator / maker / creator (head),adjacent,/ai-video-tools
ai abstract video generator,50,Unknown,,,,-100%,-100%,AI video generator / maker / creator (head),adjacent,/ai-video-tools
ai generated video clip,50,Medium,35.0,1.42,7.38,0%,0%,AI video generator / maker / creator (head),adjacent,/ai-video-tools
video ai online,50,Medium,61.0,0.61,3.18,0%,0%,AI video generator / maker / creator (head),adjacent,/ai-video-tools
video made by ai,50,Medium,55.0,1.5,4.64,0%,0%,AI video generator / maker / creator (head),adjacent,/ai-video-tools
ai footage,50,Medium,34.0,1.98,8.64,0%,0%,AI video generator / maker / creator (head),adjacent,/ai-video-tools
ai video title generator,50,Medium,40.0,1.26,5.99,0%,0%,AI video generator / maker / creator (head),adjacent,/ai-video-tools
ai speaker video,50,High,86.0,,,0%,0%,AI video generator / maker / creator (head),adjacent,/ai-video-tools
vtt file generator,50,Medium,51.0,0.97,5.09,0%,0%,AI video generator / maker / creator (head),adjacent,/ai-video-tools
ai speech video,50,Low,0.0,,,0%,0%,AI video generator / maker / creator (head),adjacent,/ai-video-tools
meta make a video ai,50,Medium,55.0,1.47,5.95,0%,0%,AI video generator / maker / creator (head),adjacent,/ai-video-tools
ai generated art video,50,Medium,43.0,0.67,6.43,0%,900%,AI video generator / maker / creator (head),adjacent,/ai-video-tools
ai video talking,50,Medium,55.0,0.78,2.83,0%,0%,AI video generator / maker / creator (head),adjacent,/ai-video-tools
auto text generator from video,50,Unknown,,,,0%,0%,AI video generator / maker / creator (head),adjacent,/ai-video-tools
ai video text,50,Medium,44.0,0.81,3.44,0%,0%,AI video generator / maker / creator (head),adjacent,/ai-video-tools
create video ia,50,Medium,63.0,0.2,3.34,0%,0%,AI video generator / maker / creator (head),adjacent,/ai-video-tools
abstract video generator,50,Medium,61.0,2.73,7.14,0%,0%,AI video generator / maker / creator (head),adjacent,/ai-video-tools
ai video from audio,50,High,68.0,2.04,7.02,0%,0%,AI video generator / maker / creator (head),adjacent,/ai-video-tools
website video mockup generator,50,High,67.0,,,0%,0%,AI video generator / maker / creator (head),adjacent,/ai-video-tools
synthetic ai video,50,Medium,57.0,0.82,5.46,0%,0%,AI video generator / maker / creator (head),adjacent,/ai-video-tools
4k video generator,50,Low,33.0,0.43,2.86,0%,0%,AI video generator / maker / creator (head),adjacent,/ai-video-tools
video to ai art,50,Unknown,,,,-100%,-100%,AI video generator / maker / creator (head),adjacent,/ai-video-tools
instant video script generator,50,Unknown,,,,0%,-100%,AI video generator / maker / creator (head),adjacent,/ai-video-tools
open ai video maker,50,Medium,65.0,1.07,5.4,0%,0%,AI video generator / maker / creator (head),adjacent,/ai-video-tools
make a video ai generator,50,Medium,54.0,,,0%,0%,AI video generator / maker / creator (head),adjacent,/ai-video-tools
gpt 3 video generator,50,Unknown,,,,0%,-100%,AI video generator / maker / creator (head),adjacent,/ai-video-tools
video synthesis ai,50,Unknown,,,,0%,-100%,AI video generator / maker / creator (head),adjacent,/ai-video-tools
ai generated human video,50,Low,25.0,,,0%,0%,AI video generator / maker / creator (head),adjacent,/ai-video-tools
video generator app,50,High,71.0,1.07,3.99,900%,900%,AI video generator / maker / creator (head),adjacent,/ai-video-tools
ai video creator online,50,High,69.0,1.09,4.49,0%,0%,AI video generator / maker / creator (head),adjacent,/ai-video-tools
ai video character generator,50,Medium,66.0,0.82,5.5,0%,0%,AI video generator / maker / creator (head),adjacent,/ai-video-tools
ai video speech,50,Medium,45.0,,,0%,0%,AI video generator / maker / creator (head),adjacent,/ai-video-tools
ai generated youtube titles,50,Unknown,,,,-100%,-100%,AI video generator / maker / creator (head),adjacent,/ai-video-tools
final cut pro generator,50,Medium,42.0,1.71,6.78,0%,0%,AI video generator / maker / creator (head),adjacent,/ai-video-tools
ai character video,50,Medium,34.0,0.75,3.99,0%,0%,AI video generator / maker / creator (head),adjacent,/ai-video-tools
facebook ai video generator,50,Medium,46.0,0.79,3.65,-90%,0%,AI video generator / maker / creator (head),adjacent,/ai-video-tools
ai based video creator,50,High,86.0,,,∞,0%,AI video generator / maker / creator (head),adjacent,/ai-video-tools
sound to video generator,50,Medium,43.0,0.5,4.81,0%,0%,AI video generator / maker / creator (head),adjacent,/ai-video-tools
10 hour video generator,50,Medium,63.0,0.53,3.43,0%,0%,AI video generator / maker / creator (head),adjacent,/ai-video-tools
ai on video,50,Medium,62.0,0.84,3.55,0%,0%,AI video generator / maker / creator (head),adjacent,/ai-video-tools
ai video character,50,Medium,41.0,1.16,6.14,0%,0%,AI video generator / maker / creator (head),adjacent,/ai-video-tools
ai produced video,50,Medium,44.0,1.73,5.7,0%,0%,AI video generator / maker / creator (head),adjacent,/ai-video-tools
online video ai,50,Medium,61.0,0.53,4.17,0%,0%,AI video generator / maker / creator (head),adjacent,/ai-video-tools
ai video face generator,50,Medium,54.0,0.66,5.97,0%,0%,AI video generator / maker / creator (head),adjacent,/ai-video-tools
ai highlight video,50,Low,17.0,,,0%,0%,AI video generator / maker / creator (head),adjacent,/ai-video-tools
make video 60fps ai,50,Low,17.0,,,0%,0%,AI video generator / maker / creator (head),adjacent,/ai-video-tools
ai face video maker,50,Low,21.0,,,0%,0%,AI video generator / maker / creator (head),adjacent,/ai-video-tools
facebook video generator,50,Low,30.0,2.16,5.74,0%,0%,AI video generator / maker / creator (head),adjacent,/ai-video-tools
ai video highlights,50,Low,32.0,0.68,2.9,0%,0%,AI video generator / maker / creator (head),adjacent,/ai-video-tools
artificial intelligence video clips,50,Medium,49.0,0.86,2.38,0%,0%,AI video generator / maker / creator (head),adjacent,/ai-video-tools
scrolling text video generator,50,Low,18.0,,,0%,0%,AI video generator / maker / creator (head),adjacent,/ai-video-tools
ai based video,50,Medium,43.0,,,0%,0%,AI video generator / maker / creator (head),adjacent,/ai-video-tools
countdown video generator,50,Medium,36.0,1.01,3.98,0%,0%,AI video generator / maker / creator (head),adjacent,/ai-video-tools
youtube ai title generator,50,Low,16.0,1.16,5.9,0%,0%,AI video generator / maker / creator (head),adjacent,/ai-video-tools
youtube title ai generator,50,Low,29.0,,,0%,0%,AI video generator / maker / creator (head),adjacent,/ai-video-tools
video sales letter generator,50,Unknown,,,,-100%,-100%,AI video generator / maker / creator (head),adjacent,/ai-video-tools
videos made by ai,50,Medium,55.0,1.5,4.64,0%,0%,AI video generator / maker / creator (head),adjacent,/ai-video-tools
human ai video creator,50,Unknown,,,,0%,-100%,AI video generator / maker / creator (head),adjacent,/ai-video-tools
vsl script generator,50,Low,14.0,,,∞,0%,AI video generator / maker / creator (head),adjacent,/ai-video-tools
visuals generator,50,Medium,52.0,1.23,5.8,0%,0%,AI video generator / maker / creator (head),adjacent,/ai-video-tools
auto generate video content,50,Unknown,,,,0%,-100%,AI video generator / maker / creator (head),adjacent,/ai-video-tools
video waveform generator,50,Low,18.0,,,0%,0%,AI video generator / maker / creator (head),adjacent,/ai-video-tools
background video generator,50,Medium,36.0,1.39,3.01,0%,0%,AI video generator / maker / creator (head),adjacent,/ai-video-tools
video cc generator,50,Medium,47.0,0.19,3.38,0%,0%,AI video generator / maker / creator (head),adjacent,/ai-video-tools
ai human face video generator,50,High,71.0,,,0%,0%,AI video generator / maker / creator (head),adjacent,/ai-video-tools
ai youtube video title generator,50,Low,20.0,0.16,4.22,0%,0%,AI video generator / maker / creator (head),adjacent,/ai-video-tools
create your first ai video,50,High,71.0,,,∞,0%,AI video generator / maker / creator (head),adjacent,/ai-video-tools
low quality video generator,50,Low,0.0,,,900%,900%,AI video generator / maker / creator (head),adjacent,/ai-video-tools
webvtt generator,50,Medium,43.0,,,0%,0%,AI video generator / maker / creator (head),adjacent,/ai-video-tools
fractal video generator,50,Medium,41.0,1.0,2.29,0%,0%,AI video generator / maker / creator (head),adjacent,/ai-video-tools
glitch text video generator,50,Unknown,,,,-100%,-100%,AI video generator / maker / creator (head),adjacent,/ai-video-tools
ai video generator github,50,Low,12.0,1.12,4.07,0%,0%,AI video generator / maker / creator (head),adjacent,/ai-video-tools
karaoke video generator,50,Low,26.0,1.61,3.61,0%,0%,AI video generator / maker / creator (head),adjacent,/ai-video-tools
video ai art,50,Medium,64.0,,,0%,0%,AI video generator / maker / creator (head),adjacent,/ai-video-tools
bad quality video generator,50,Low,0.0,,,0%,0%,AI video generator / maker / creator (head),adjacent,/ai-video-tools
dalle video generator,50,Medium,66.0,0.89,6.55,0%,0%,AI video generator / maker / creator (head),adjacent,/ai-video-tools
stable diffusion img2img video ai,50,Unknown,,,,0%,0%,AI video generator / maker / creator (head),adjacent,/ai-video-tools
video timestamp generator,50,Low,11.0,,,0%,0%,AI video generator / maker / creator (head),adjacent,/ai-video-tools
4k resolution generator,50,Medium,35.0,0.02,2.78,0%,0%,AI video generator / maker / creator (head),adjacent,/ai-video-tools
60 fps generator,50,Low,3.0,,,0%,0%,AI video generator / maker / creator (head),adjacent,/ai-video-tools
60fps ai,50,Low,19.0,2.35,10.51,0%,0%,AI video generator / maker / creator (head),adjacent,/ai-video-tools
60fps ai online,50,Unknown,,,,0%,-100%,AI video generator / maker / creator (head),adjacent,/ai-video-tools
ai 60fps,50,Low,6.0,,,0%,0%,AI video generator / maker / creator (head),adjacent,/ai-video-tools
ai ai video,50,Low,31.0,1.86,4.72,0%,0%,AI video generator / maker / creator (head),adjacent,/ai-video-tools
ai amazon prime,50,Low,1.0,,,0%,0%,AI video generator / maker / creator (head),adjacent,/ai-video-tools
ai composite videos,50,Low,21.0,,,0%,0%,AI video generator / maker / creator (head),adjacent,/ai-video-tools
ai composition video,50,Unknown,,,,0%,0%,AI video generator / maker / creator (head),adjacent,/ai-video-tools
ai depth map generator video,50,Unknown,,,,0%,-100%,AI video generator / maker / creator (head),adjacent,/ai-video-tools
ai human evolution video,50,Low,0.0,,,∞,0%,AI video generator / maker / creator (head),adjacent,/ai-video-tools
ai made this video,50,Unknown,,,,-100%,-100%,AI video generator / maker / creator (head),adjacent,/ai-video-tools
ai technology video,50,Low,21.0,,,0%,0%,AI video generator / maker / creator (head),adjacent,/ai-video-tools
ai title generator youtube,50,Low,14.0,,,0%,0%,AI video generator / maker / creator (head),adjacent,/ai-video-tools
ai video composite,50,Unknown,,,,0%,0%,AI video generator / maker / creator (head),adjacent,/ai-video-tools
ai video generator meta,50,Medium,64.0,1.1,6.67,0%,0%,AI video generator / maker / creator (head),adjacent,/ai-video-tools
ai video generator python,50,Low,0.0,,,0%,0%,AI video generator / maker / creator (head),adjacent,/ai-video-tools
ai video meta,50,Low,23.0,,,0%,0%,AI video generator / maker / creator (head),adjacent,/ai-video-tools
amazon prime ai,50,Low,1.0,,,-90%,0%,AI video generator / maker / creator (head),adjacent,/ai-video-tools
anonymous video generator,50,Low,11.0,,,0%,0%,AI video generator / maker / creator (head),adjacent,/ai-video-tools
applied ai course videos,50,Unknown,,,,0%,0%,AI video generator / maker / creator (head),adjacent,/ai-video-tools
artificial intelligence video for students,50,Low,14.0,,,0%,0%,AI video generator / maker / creator (head),adjacent,/ai-video-tools
azure video ai,50,Low,19.0,,,∞,0%,AI video generator / maker / creator (head),adjacent,/ai-video-tools
bandicam key generator,50,Low,0.0,,,0%,0%,AI video generator / maker / creator (head),adjacent,/ai-video-tools
beacon ai video,50,Low,0.0,,,0%,∞,AI video generator / maker / creator (head),adjacent,/ai-video-tools
beacon ai videos,50,Low,0.0,,,0%,∞,AI video generator / maker / creator (head),adjacent,/ai-video-tools
beacons ai video,50,Low,14.0,,,0%,0%,AI video generator / maker / creator (head),adjacent,/ai-video-tools
beacons ai videos,50,Low,14.0,,,0%,0%,AI video generator / maker / creator (head),adjacent,/ai-video-tools
blackmagic sync generator 4k,50,High,100.0,,,0%,0%,AI video generator / maker / creator (head),adjacent,/ai-video-tools
boomerang generator,50,Low,3.0,,,0%,0%,AI video generator / maker / creator (head),adjacent,/ai-video-tools
clickbait title generator for youtube,50,Unknown,,,,0%,0%,AI video generator / maker / creator (head),adjacent,/ai-video-tools
counter video generator,50,Low,6.0,,,0%,0%,AI video generator / maker / creator (head),adjacent,/ai-video-tools
dailymotion tag generator,50,Unknown,,,,0%,-100%,AI video generator / maker / creator (head),adjacent,/ai-video-tools
dall e ai video,50,Unknown,,,,-100%,-100%,AI video generator / maker / creator (head),adjacent,/ai-video-tools
diffusion video generation,50,Medium,51.0,1.79,5.35,0%,0%,AI video generator / maker / creator (head),adjacent,/ai-video-tools
facebook ai video,50,Low,8.0,1.13,4.96,0%,0%,AI video generator / maker / creator (head),adjacent,/ai-video-tools
facebook video thumbnail generator,50,Unknown,,,,-100%,-100%,AI video generator / maker / creator (head),adjacent,/ai-video-tools
facebook video title generator,50,Low,7.0,,,0%,0%,AI video generator / maker / creator (head),adjacent,/ai-video-tools
fake facetime call generator,50,Low,0.0,,,0%,0%,AI video generator / maker / creator (head),adjacent,/ai-video-tools
fake tweet video generator,50,Low,0.0,,,∞,0%,AI video generator / maker / creator (head),adjacent,/ai-video-tools
fake twitter video generator,50,Unknown,,,,0%,-100%,AI video generator / maker / creator (head),adjacent,/ai-video-tools
fake video ai,50,Low,21.0,0.52,1.83,0%,0%,AI video generator / maker / creator (head),adjacent,/ai-video-tools
fancam generator,50,Low,10.0,,,0%,0%,AI video generator / maker / creator (head),adjacent,/ai-video-tools
fancam generator online,50,Unknown,,,,-100%,-100%,AI video generator / maker / creator (head),adjacent,/ai-video-tools
funny video generator,50,Low,17.0,,,0%,0%,AI video generator / maker / creator (head),adjacent,/ai-video-tools
glitch video generator,50,Low,7.0,,,0%,0%,AI video generator / maker / creator (head),adjacent,/ai-video-tools
hd video generator,50,Medium,34.0,1.41,4.82,0%,0%,AI video generator / maker / creator (head),adjacent,/ai-video-tools
http beacons ai video,50,Unknown,,,,0%,0%,AI video generator / maker / creator (head),adjacent,/ai-video-tools
human evolution ai video,50,Low,0.0,,,0%,0%,AI video generator / maker / creator (head),adjacent,/ai-video-tools
link video generator,50,Low,7.0,,,0%,0%,AI video generator / maker / creator (head),adjacent,/ai-video-tools
low quality generator video,50,Low,1.0,,,0%,0%,AI video generator / maker / creator (head),adjacent,/ai-video-tools
make a video facebook ai,50,Low,14.0,,,∞,∞,AI video generator / maker / creator (head),adjacent,/ai-video-tools
meta video ai generator,50,Medium,63.0,0.93,3.52,0%,0%,AI video generator / maker / creator (head),adjacent,/ai-video-tools
meta video generator ai,50,Medium,55.0,1.3,5.04,0%,0%,AI video generator / maker / creator (head),adjacent,/ai-video-tools
nvidia video ai,50,Low,29.0,,,0%,0%,AI video generator / maker / creator (head),adjacent,/ai-video-tools
reverse video generator,50,Low,2.0,,,0%,0%,AI video generator / maker / creator (head),adjacent,/ai-video-tools
sam harris ted talk ai,50,Low,0.0,,,0%,0%,AI video generator / maker / creator (head),adjacent,/ai-video-tools
stable diffusion generate video,50,Low,0.0,,,0%,0%,AI video generator / maker / creator (head),adjacent,/ai-video-tools
subs generator,50,Low,10.0,,,0%,0%,AI video generator / maker / creator (head),adjacent,/ai-video-tools
text message generator video,50,Low,25.0,0.75,3.74,0%,0%,AI video generator / maker / creator (head),adjacent,/ai-video-tools
thug life video generator,50,Low,0.0,,,0%,0%,AI video generator / maker / creator (head),adjacent,/ai-video-tools
topaz video ai 3,50,Low,21.0,,,0%,0%,AI video generator / maker / creator (head),adjacent,/ai-video-tools
topaz video ai 3.0 0,50,Unknown,,,,0%,0%,AI video generator / maker / creator (head),adjacent,/ai-video-tools
topaz video ai 3.0 2,50,Unknown,,,,0%,-100%,AI video generator / maker / creator (head),adjacent,/ai-video-tools
topaz video ai grain,50,Unknown,,,,-100%,-100%,AI video generator / maker / creator (head),adjacent,/ai-video-tools
topaz video ai v3,50,Low,6.0,,,0%,0%,AI video generator / maker / creator (head),adjacent,/ai-video-tools
twitter video generator,50,Low,3.0,,,0%,0%,AI video generator / maker / creator (head),adjacent,/ai-video-tools
typewriter video generator,50,Low,10.0,,,0%,0%,AI video generator / maker / creator (head),adjacent,/ai-video-tools
vedia ai,50,Low,33.0,1.61,7.61,0%,0%,AI video generator / maker / creator (head),adjacent,/ai-video-tools
vhs effect generator,50,Low,0.0,,,0%,0%,AI video generator / maker / creator (head),adjacent,/ai-video-tools
vhs generator,50,Low,1.0,,,0%,0%,AI video generator / maker / creator (head),adjacent,/ai-video-tools
vhs overlay generator,50,Low,1.0,,,0%,0%,AI video generator / maker / creator (head),adjacent,/ai-video-tools
vhs video generator,50,Low,1.0,,,0%,0%,AI video generator / maker / creator (head),adjacent,/ai-video-tools
video background generator,50,Low,19.0,1.79,5.73,0%,0%,AI video generator / maker / creator (head),adjacent,/ai-video-tools
video effect generator,50,Low,26.0,2.5,8.75,0%,0%,AI video generator / maker / creator (head),adjacent,/ai-video-tools
video font generator,50,Low,9.0,,,0%,0%,AI video generator / maker / creator (head),adjacent,/ai-video-tools
video https tei ai ejersis,50,Unknown,,,,0%,0%,AI video generator / maker / creator (head),adjacent,/ai-video-tools
video on ai,50,Low,11.0,1.01,4.47,0%,0%,AI video generator / maker / creator (head),adjacent,/ai-video-tools
video preview generator,50,Low,3.0,,,0%,0%,AI video generator / maker / creator (head),adjacent,/ai-video-tools
video sound wave generator,50,Low,19.0,,,0%,0%,AI video generator / maker / creator (head),adjacent,/ai-video-tools
video to audio generator,50,Low,11.0,,,0%,0%,AI video generator / maker / creator (head),adjacent,/ai-video-tools
videoverse ai,50,Medium,40.0,0.91,5.2,0%,0%,AI video generator / maker / creator (head),adjacent,/ai-video-tools
vimeo qr code generator,50,High,69.0,1.13,9.89,0%,0%,AI video generator / maker / creator (head),adjacent,/ai-video-tools
viral video generator,50,Medium,58.0,0.94,4.46,0%,0%,AI video generator / maker / creator (head),adjacent,/ai-video-tools
waveform generator video,50,Unknown,,,,-100%,-100%,AI video generator / maker / creator (head),adjacent,/ai-video-tools
webm generator,50,Low,0.0,,,0%,0%,AI video generator / maker / creator (head),adjacent,/ai-video-tools
youtube clickbait title generator,50,Low,17.0,,,0%,0%,AI video generator / maker / creator (head),adjacent,/ai-video-tools
youtube tag generator ai,50,Medium,36.0,,,0%,0%,AI video generator / maker / creator (head),adjacent,/ai-video-tools
youtube video title generator ai,50,Unknown,,,,0%,-100%,AI video generator / maker / creator (head),adjacent,/ai-video-tools
ai title recommendations youtube,0,Unknown,,,,0%,0%,AI video generator / maker / creator (head),adjacent,/ai-video-tools
facebook make a video ai,0,Unknown,,,,0%,0%,AI video generator / maker / creator (head),adjacent,/ai-video-tools
ai comodo site video,0,Unknown,,,,0%,-100%,AI video generator / maker / creator (head),adjacent,/ai-video-tools
ai composite video trending,0,Unknown,,,,0%,0%,AI video generator / maker / creator (head),adjacent,/ai-video-tools
beacons ai vidsinhere video,0,Unknown,,,,0%,0%,AI video generator / maker / creator (head),adjacent,/ai-video-tools
ddv5 ai video,0,Unknown,,,,0%,0%,AI video generator / maker / creator (head),adjacent,/ai-video-tools
kgf title video generator,0,Unknown,,,,0%,0%,AI video generator / maker / creator (head),adjacent,/ai-video-tools
mumbaibased videoverse ai,0,Unknown,,,,0%,0%,AI video generator / maker / creator (head),adjacent,/ai-video-tools
pantheon lab ai video,0,Unknown,,,,0%,0%,AI video generator / maker / creator (head),adjacent,/ai-video-tools
ted talk to essay ai,0,Unknown,,,,0%,0%,AI video generator / maker / creator (head),adjacent,/ai-video-tools
ai video generation platform,50000,Low,1.0,2.44,10.05,0%,0%,"AI video software, platform & tools (B2B category)",adjacent,/ai-video-tools
ai video creation software,50000,Medium,38.0,1.95,8.97,0%,0%,"AI video software, platform & tools (B2B category)",adjacent,/ai-video-tools
ai video tools,5000,Medium,34.0,1.64,7.42,0%,0%,"AI video software, platform & tools (B2B category)",adjacent,/ai-video-tools
ai video creation platform,5000,Low,2.0,3.39,14.27,0%,0%,"AI video software, platform & tools (B2B category)",adjacent,/ai-video-tools
ai video platform,5000,Low,20.0,2.01,9.55,0%,900%,"AI video software, platform & tools (B2B category)",adjacent,/ai-video-tools
ai video creation tool,5000,Low,6.0,2.71,9.82,0%,0%,"AI video software, platform & tools (B2B category)",adjacent,/ai-video-tools
ai in video,5000,High,68.0,0.94,4.54,0%,0%,"AI video software, platform & tools (B2B category)",adjacent,/ai-video-tools
ai video software,500,High,67.0,1.63,8.22,0%,0%,"AI video software, platform & tools (B2B category)",adjacent,/ai-video-tools
video creation tools,500,Medium,52.0,1.83,8.35,0%,0%,"AI video software, platform & tools (B2B category)",adjacent,/ai-video-tools
video ai tools,500,High,69.0,1.85,8.1,0%,0%,"AI video software, platform & tools (B2B category)",adjacent,/ai-video-tools
ai video production,500,Medium,51.0,2.35,11.2,-90%,0%,"AI video software, platform & tools (B2B category)",adjacent,/ai-video-tools
video ai software,500,Medium,46.0,2.05,11.34,0%,-90%,"AI video software, platform & tools (B2B category)",adjacent,/ai-video-tools
ai tools for video creation,500,Medium,63.0,1.33,6.7,0%,0%,"AI video software, platform & tools (B2B category)",adjacent,/ai-video-tools
video making tools,500,Medium,52.0,1.83,8.35,0%,0%,"AI video software, platform & tools (B2B category)",adjacent,/ai-video-tools
ai tool to create videos,500,High,77.0,1.3,6.08,0%,0%,"AI video software, platform & tools (B2B category)",adjacent,/ai-video-tools
video creation platform,500,Medium,49.0,2.48,12.64,-90%,-90%,"AI video software, platform & tools (B2B category)",adjacent,/ai-video-tools
video ai tool,500,High,69.0,1.85,8.1,0%,0%,"AI video software, platform & tools (B2B category)",adjacent,/ai-video-tools
ai tools for video,500,Medium,66.0,1.71,7.09,-90%,-90%,"AI video software, platform & tools (B2B category)",adjacent,/ai-video-tools
ai video creation tools,500,Medium,38.0,2.13,11.52,0%,0%,"AI video software, platform & tools (B2B category)",adjacent,/ai-video-tools
video tools online,500,Low,18.0,0.99,4.97,0%,0%,"AI video software, platform & tools (B2B category)",adjacent,/ai-video-tools
ai tool to make videos,500,High,74.0,1.33,5.7,0%,0%,"AI video software, platform & tools (B2B category)",adjacent,/ai-video-tools
best ai video tools,500,Medium,66.0,2.26,11.68,0%,0%,"AI video software, platform & tools (B2B category)",adjacent,/ai-video-tools
best ai video software,500,High,75.0,2.54,9.92,0%,0%,"AI video software, platform & tools (B2B category)",adjacent,/ai-video-tools
ai video generator software,500,High,83.0,1.43,7.17,-90%,-90%,"AI video software, platform & tools (B2B category)",adjacent,/ai-video-tools
ai tool for video,500,Medium,66.0,1.71,7.09,-90%,-90%,"AI video software, platform & tools (B2B category)",adjacent,/ai-video-tools
free ai video software,500,High,71.0,1.07,4.8,0%,900%,"AI video software, platform & tools (B2B category)",adjacent,/ai-video-tools
best video maker app with song,50,Low,17.0,,,0%,0%,"AI video software, platform & tools (B2B category)",adjacent,/ai-video-tools
add music to video app free,50,Medium,61.0,0.52,1.71,0%,0%,"AI video software, platform & tools (B2B category)",adjacent,/ai-video-tools
video maker app with song,50,Medium,57.0,0.69,3.4,0%,0%,"AI video software, platform & tools (B2B category)",adjacent,/ai-video-tools
video creator app free,50,High,71.0,0.96,3.35,0%,0%,"AI video software, platform & tools (B2B category)",adjacent,/ai-video-tools
free video maker app with music,50,High,75.0,1.04,3.32,0%,0%,"AI video software, platform & tools (B2B category)",adjacent,/ai-video-tools
ai tool for video making,50,High,81.0,2.05,8.37,0%,0%,"AI video software, platform & tools (B2B category)",adjacent,/ai-video-tools
free video app with music,50,Medium,52.0,,,0%,0%,"AI video software, platform & tools (B2B category)",adjacent,/ai-video-tools
video making app with song,50,Low,19.0,,,0%,0%,"AI video software, platform & tools (B2B category)",adjacent,/ai-video-tools
video creator app with music,50,High,79.0,,,0%,0%,"AI video software, platform & tools (B2B category)",adjacent,/ai-video-tools
best video ai software,50,High,73.0,2.35,10.91,0%,0%,"AI video software, platform & tools (B2B category)",adjacent,/ai-video-tools
video production ai,50,High,68.0,2.05,13.57,0%,0%,"AI video software, platform & tools (B2B category)",adjacent,/ai-video-tools
ai tools video,50,Medium,62.0,1.12,5.26,0%,0%,"AI video software, platform & tools (B2B category)",adjacent,/ai-video-tools
ai software video,50,High,70.0,0.81,6.1,0%,0%,"AI video software, platform & tools (B2B category)",adjacent,/ai-video-tools
app for making video with song,50,High,69.0,0.25,1.17,0%,0%,"AI video software, platform & tools (B2B category)",adjacent,/ai-video-tools
ai in video production,50,Low,25.0,2.69,4.75,0%,0%,"AI video software, platform & tools (B2B category)",adjacent,/ai-video-tools
ai video software free,50,High,67.0,1.25,6.73,0%,0%,"AI video software, platform & tools (B2B category)",adjacent,/ai-video-tools
ai video generation platform free,50,Unknown,,,,-100%,0%,"AI video software, platform & tools (B2B category)",adjacent,/ai-video-tools
video maker app with song online,50,Unknown,,,,0%,0%,"AI video software, platform & tools (B2B category)",adjacent,/ai-video-tools
best thumbnail maker app for youtube free,50,Low,31.0,,,0%,0%,"AI video software, platform & tools (B2B category)",adjacent,/ai-video-tools
best ai video generator,50000,High,72.0,2.05,9.35,0%,0%,Best / top AI video generator (listicle intent),adjacent,/ai-video-tools
best ai video generators,50000,High,72.0,2.05,9.35,0%,0%,Best / top AI video generator (listicle intent),adjacent,/ai-video-tools
best free ai video generator,50000,High,68.0,0.83,3.58,0%,0%,Best / top AI video generator (listicle intent),adjacent,/ai-video-tools
best ai video editor,5000,Medium,64.0,1.6,6.1,0%,0%,Best / top AI video generator (listicle intent),adjacent,/ai-video-tools
best ai video creator,5000,High,73.0,2.44,11.02,0%,0%,Best / top AI video generator (listicle intent),adjacent,/ai-video-tools
best ai video generator free,5000,High,71.0,0.96,3.85,0%,0%,Best / top AI video generator (listicle intent),adjacent,/ai-video-tools
best ai video maker,5000,High,69.0,1.95,8.55,0%,0%,Best / top AI video generator (listicle intent),adjacent,/ai-video-tools
best ai video,5000,Medium,62.0,1.71,7.23,0%,0%,Best / top AI video generator (listicle intent),adjacent,/ai-video-tools
best video ai generator,5000,High,74.0,2.05,10.72,0%,0%,Best / top AI video generator (listicle intent),adjacent,/ai-video-tools
best video ai,500,High,68.0,1.81,8.02,0%,0%,Best / top AI video generator (listicle intent),adjacent,/ai-video-tools
top ai video generator,500,High,70.0,2.05,10.35,0%,0%,Best / top AI video generator (listicle intent),adjacent,/ai-video-tools
the best ai video generator,500,High,73.0,2.05,10.71,0%,0%,Best / top AI video generator (listicle intent),adjacent,/ai-video-tools
best ai for video,500,High,69.0,1.5,6.94,-90%,0%,Best / top AI video generator (listicle intent),adjacent,/ai-video-tools
topaz video ai best settings,50,Unknown,,,,-100%,-100%,Best / top AI video generator (listicle intent),adjacent,/ai-video-tools
google ai video generator,5000,Medium,64.0,1.06,5.28,0%,0%,"Generative models (Sora, Veo, Meta, Midjourney, Runway)",adjacent,/vs/ai-video-generators
openai video generator,5000,Medium,62.0,1.06,5.83,0%,0%,"Generative models (Sora, Veo, Meta, Midjourney, Runway)",adjacent,/vs/ai-video-generators
chat gpt video generator,5000,Medium,62.0,0.63,3.0,0%,0%,"Generative models (Sora, Veo, Meta, Midjourney, Runway)",adjacent,/vs/ai-video-generators
meta ai video,5000,Medium,41.0,0.45,2.96,0%,900%,"Generative models (Sora, Veo, Meta, Midjourney, Runway)",adjacent,/vs/ai-video-generators
meta ai video generator,5000,Low,12.0,0.66,3.51,0%,9900%,"Generative models (Sora, Veo, Meta, Midjourney, Runway)",adjacent,/vs/ai-video-generators
video gpt,5000,Medium,54.0,0.53,2.8,0%,-90%,"Generative models (Sora, Veo, Meta, Midjourney, Runway)",adjacent,/vs/ai-video-generators
chatgpt video,5000,Medium,36.0,0.34,2.28,0%,0%,"Generative models (Sora, Veo, Meta, Midjourney, Runway)",adjacent,/vs/ai-video-generators
midjourney video,5000,Medium,53.0,1.08,6.25,0%,-90%,"Generative models (Sora, Veo, Meta, Midjourney, Runway)",adjacent,/vs/ai-video-generators
google video generator,5000,Medium,64.0,1.3,6.53,0%,0%,"Generative models (Sora, Veo, Meta, Midjourney, Runway)",adjacent,/vs/ai-video-generators
meta ai image to video,5000,Low,2.0,0.5,2.57,0%,0%,"Generative models (Sora, Veo, Meta, Midjourney, Runway)",adjacent,/vs/ai-video-generators
meta ai videos,5000,Medium,41.0,0.45,2.96,0%,900%,"Generative models (Sora, Veo, Meta, Midjourney, Runway)",adjacent,/vs/ai-video-generators
midjourney videos,5000,Medium,53.0,1.08,6.25,0%,-90%,"Generative models (Sora, Veo, Meta, Midjourney, Runway)",adjacent,/vs/ai-video-generators
meta ai text to video,500,Low,2.0,0.6,2.6,0%,900%,"Generative models (Sora, Veo, Meta, Midjourney, Runway)",adjacent,/vs/ai-video-generators
runway ai text to video,500,Medium,62.0,3.64,8.82,0%,-90%,"Generative models (Sora, Veo, Meta, Midjourney, Runway)",adjacent,/vs/ai-video-generators
chatgpt video maker,500,Medium,61.0,0.48,2.44,-90%,0%,"Generative models (Sora, Veo, Meta, Midjourney, Runway)",adjacent,/vs/ai-video-generators
meta ai text to video generator,500,Low,5.0,0.77,3.57,-90%,900%,"Generative models (Sora, Veo, Meta, Midjourney, Runway)",adjacent,/vs/ai-video-generators
midjourney ai video,500,Medium,47.0,1.02,6.56,0%,0%,"Generative models (Sora, Veo, Meta, Midjourney, Runway)",adjacent,/vs/ai-video-generators
openai video,500,Medium,50.0,0.87,5.73,0%,0%,"Generative models (Sora, Veo, Meta, Midjourney, Runway)",adjacent,/vs/ai-video-generators
meta ai photo to video,500,Low,4.0,0.73,3.35,0%,0%,"Generative models (Sora, Veo, Meta, Midjourney, Runway)",adjacent,/vs/ai-video-generators
meta ai video generation,500,Low,8.0,0.76,3.44,0%,900%,"Generative models (Sora, Veo, Meta, Midjourney, Runway)",adjacent,/vs/ai-video-generators
meta ai video maker,500,Low,9.0,0.81,3.09,0%,900%,"Generative models (Sora, Veo, Meta, Midjourney, Runway)",adjacent,/vs/ai-video-generators
openai video generation,500,Medium,50.0,1.04,5.18,0%,0%,"Generative models (Sora, Veo, Meta, Midjourney, Runway)",adjacent,/vs/ai-video-generators
openai videos,500,Medium,50.0,0.87,5.73,0%,0%,"Generative models (Sora, Veo, Meta, Midjourney, Runway)",adjacent,/vs/ai-video-generators
openai youtube,500,Low,0.0,,,0%,-90%,"Generative models (Sora, Veo, Meta, Midjourney, Runway)",adjacent,/vs/ai-video-generators
meta ai make a video,50,Medium,41.0,0.89,5.1,0%,0%,"Generative models (Sora, Veo, Meta, Midjourney, Runway)",adjacent,/vs/ai-video-generators
make a video meta ai,50,Medium,40.0,,,0%,0%,"Generative models (Sora, Veo, Meta, Midjourney, Runway)",adjacent,/vs/ai-video-generators
runwayml text to video,50,Medium,60.0,1.0,7.16,0%,-90%,"Generative models (Sora, Veo, Meta, Midjourney, Runway)",adjacent,/vs/ai-video-generators
makeavideo meta ai,50,Medium,40.0,,,0%,0%,"Generative models (Sora, Veo, Meta, Midjourney, Runway)",adjacent,/vs/ai-video-generators
runway ml text to video,50,Medium,65.0,0.63,7.76,0%,0%,"Generative models (Sora, Veo, Meta, Midjourney, Runway)",adjacent,/vs/ai-video-generators
midjourney for video,50,Medium,64.0,1.26,7.78,0%,0%,"Generative models (Sora, Veo, Meta, Midjourney, Runway)",adjacent,/vs/ai-video-generators
midjourney create video,50,Medium,56.0,1.05,9.66,0%,0%,"Generative models (Sora, Veo, Meta, Midjourney, Runway)",adjacent,/vs/ai-video-generators
meta ai generated video,50,Medium,44.0,0.58,4.09,0%,0%,"Generative models (Sora, Veo, Meta, Midjourney, Runway)",adjacent,/vs/ai-video-generators
meta ai make video,50,Low,18.0,,,0%,∞,"Generative models (Sora, Veo, Meta, Midjourney, Runway)",adjacent,/vs/ai-video-generators
openai vpt,50,Low,0.0,,,0%,0%,"Generative models (Sora, Veo, Meta, Midjourney, Runway)",adjacent,/vs/ai-video-generators
runwayml rotoscope,50,Low,3.0,,,0%,0%,"Generative models (Sora, Veo, Meta, Midjourney, Runway)",adjacent,/vs/ai-video-generators
text to video meta ai,50,High,86.0,,,∞,0%,"Generative models (Sora, Veo, Meta, Midjourney, Runway)",adjacent,/vs/ai-video-generators
text to video openai,50,Low,14.0,,,0%,0%,"Generative models (Sora, Veo, Meta, Midjourney, Runway)",adjacent,/vs/ai-video-generators
video midjourney,50,Medium,51.0,0.49,2.84,0%,0%,"Generative models (Sora, Veo, Meta, Midjourney, Runway)",adjacent,/vs/ai-video-generators
video openai,50,Low,30.0,0.48,3.33,0%,0%,"Generative models (Sora, Veo, Meta, Midjourney, Runway)",adjacent,/vs/ai-video-generators
make a video from meta ai,0,Unknown,,,,0%,0%,"Generative models (Sora, Veo, Meta, Midjourney, Runway)",adjacent,/vs/ai-video-generators
ai image to video generator,50000,Low,27.0,0.61,3.22,0%,0%,Image-to-video AI (animating a still),adjacent,/vs/ai-video-generators
create video from photos,5000,Medium,65.0,0.76,3.21,0%,0%,Image-to-video AI (animating a still),adjacent,/vs/ai-video-generators
make video from photos,5000,Medium,61.0,0.56,2.29,0%,0%,Image-to-video AI (animating a still),adjacent,/vs/ai-video-generators
create video from images,5000,Medium,65.0,0.76,3.21,0%,0%,Image-to-video AI (animating a still),adjacent,/vs/ai-video-generators
ai video generator from image,5000,Medium,56.0,0.67,3.88,0%,0%,Image-to-video AI (animating a still),adjacent,/vs/ai-video-generators
make video from images,5000,Medium,65.0,0.76,3.21,0%,0%,Image-to-video AI (animating a still),adjacent,/vs/ai-video-generators
ai video maker from photo,5000,Medium,66.0,0.74,3.37,0%,0%,Image-to-video AI (animating a still),adjacent,/vs/ai-video-generators
image to video ai generator,5000,Medium,40.0,0.74,4.21,0%,0%,Image-to-video AI (animating a still),adjacent,/vs/ai-video-generators
image to video generator,5000,Medium,40.0,0.65,3.63,0%,0%,Image-to-video AI (animating a still),adjacent,/vs/ai-video-generators
create video from photos free,500,High,70.0,0.59,2.52,0%,0%,Image-to-video AI (animating a still),adjacent,/vs/ai-video-generators
app to make video from photos,500,Medium,40.0,0.94,3.12,900%,900%,Image-to-video AI (animating a still),adjacent,/vs/ai-video-generators
app to create video from photos,500,High,70.0,1.06,3.26,0%,0%,Image-to-video AI (animating a still),adjacent,/vs/ai-video-generators
imagen video ai,500,Medium,41.0,0.68,6.17,0%,0%,Image-to-video AI (animating a still),adjacent,/vs/ai-video-generators
best app to make video from photos,500,High,71.0,1.11,3.6,0%,0%,Image-to-video AI (animating a still),adjacent,/vs/ai-video-generators
create timelapse from photos,500,Medium,35.0,0.7,2.35,0%,0%,Image-to-video AI (animating a still),adjacent,/vs/ai-video-generators
ai image video generator,500,Medium,38.0,0.71,4.13,0%,0%,Image-to-video AI (animating a still),adjacent,/vs/ai-video-generators
create video from images free,500,High,70.0,0.59,2.52,0%,0%,Image-to-video AI (animating a still),adjacent,/vs/ai-video-generators
imagen ai video,500,Low,28.0,0.32,5.23,0%,0%,Image-to-video AI (animating a still),adjacent,/vs/ai-video-generators
create video from images ai,500,High,71.0,0.9,4.83,-90%,-90%,Image-to-video AI (animating a still),adjacent,/vs/ai-video-generators
video generator from image,500,Medium,39.0,0.71,4.0,0%,0%,Image-to-video AI (animating a still),adjacent,/vs/ai-video-generators
imagen video ai generator,500,Medium,55.0,0.66,3.87,0%,0%,Image-to-video AI (animating a still),adjacent,/vs/ai-video-generators
one photo video maker,500,Low,0.0,,,0%,900%,Image-to-video AI (animating a still),adjacent,/vs/ai-video-generators
best app to make video from photos with song,50,High,74.0,1.0,3.7,0%,0%,Image-to-video AI (animating a still),adjacent,/vs/ai-video-generators
free app to create video from photos,50,High,75.0,0.82,2.36,0%,0%,Image-to-video AI (animating a still),adjacent,/vs/ai-video-generators
create video from images online,50,Medium,57.0,0.75,3.93,0%,0%,Image-to-video AI (animating a still),adjacent,/vs/ai-video-generators
best free app to make video from photos,50,Medium,60.0,0.62,2.27,0%,900%,Image-to-video AI (animating a still),adjacent,/vs/ai-video-generators
make video from photos online,50,Medium,51.0,0.48,2.2,0%,-90%,Image-to-video AI (animating a still),adjacent,/vs/ai-video-generators
video from photos app,50,Low,4.0,,,0%,0%,Image-to-video AI (animating a still),adjacent,/vs/ai-video-generators
make video from images online,50,Medium,57.0,0.75,3.93,0%,0%,Image-to-video AI (animating a still),adjacent,/vs/ai-video-generators
google imagen video ai,50,Low,12.0,,,∞,0%,Image-to-video AI (animating a still),adjacent,/vs/ai-video-generators
ffmpeg make video from images,50,Low,0.0,,,0%,0%,Image-to-video AI (animating a still),adjacent,/vs/ai-video-generators
imagen video ai google,50,Unknown,,,,0%,-100%,Image-to-video AI (animating a still),adjacent,/vs/ai-video-generators
reel maker,5000,High,68.0,0.98,3.59,0%,0%,"Short-form: Shorts, Reels & TikTok",adjacent,/use-cases/short-form-video
youtube shorts maker,5000,Low,15.0,0.62,2.71,900%,0%,"Short-form: Shorts, Reels & TikTok",adjacent,/use-cases/short-form-video
app for short video,5000,Low,8.0,0.91,5.2,0%,900%,"Short-form: Shorts, Reels & TikTok",adjacent,/use-cases/short-form-video
reel maker app,500,High,73.0,0.9,3.28,0%,0%,"Short-form: Shorts, Reels & TikTok",adjacent,/use-cases/short-form-video
best app to make reels,500,Medium,63.0,0.89,3.39,0%,-90%,"Short-form: Shorts, Reels & TikTok",adjacent,/use-cases/short-form-video
reel creator app,500,High,77.0,1.24,4.18,0%,0%,"Short-form: Shorts, Reels & TikTok",adjacent,/use-cases/short-form-video
best app for making reels,500,Medium,65.0,0.91,3.76,0%,0%,"Short-form: Shorts, Reels & TikTok",adjacent,/use-cases/short-form-video
app to make reels,500,High,69.0,1.01,3.63,0%,0%,"Short-form: Shorts, Reels & TikTok",adjacent,/use-cases/short-form-video
free reel maker,500,High,69.0,0.66,2.06,0%,0%,"Short-form: Shorts, Reels & TikTok",adjacent,/use-cases/short-form-video
best app to create reels,500,High,71.0,1.03,3.85,0%,0%,"Short-form: Shorts, Reels & TikTok",adjacent,/use-cases/short-form-video
short video maker,500,Medium,37.0,0.77,3.48,0%,0%,"Short-form: Shorts, Reels & TikTok",adjacent,/use-cases/short-form-video
free reel maker app,500,High,72.0,0.57,1.92,0%,0%,"Short-form: Shorts, Reels & TikTok",adjacent,/use-cases/short-form-video
reel making app,500,High,71.0,0.93,3.04,0%,0%,"Short-form: Shorts, Reels & TikTok",adjacent,/use-cases/short-form-video
instagram video maker,500,Medium,55.0,0.79,2.78,0%,0%,"Short-form: Shorts, Reels & TikTok",adjacent,/use-cases/short-form-video
best reel making app,500,High,68.0,1.03,3.78,0%,0%,"Short-form: Shorts, Reels & TikTok",adjacent,/use-cases/short-form-video
free apps to make reels,500,Medium,63.0,0.59,1.98,0%,0%,"Short-form: Shorts, Reels & TikTok",adjacent,/use-cases/short-form-video
best reel maker app,500,High,71.0,1.16,3.88,0%,0%,"Short-form: Shorts, Reels & TikTok",adjacent,/use-cases/short-form-video
app to create reels,500,High,75.0,0.95,3.37,0%,0%,"Short-form: Shorts, Reels & TikTok",adjacent,/use-cases/short-form-video
reel maker for instagram,500,High,73.0,1.09,3.58,0%,0%,"Short-form: Shorts, Reels & TikTok",adjacent,/use-cases/short-form-video
create youtube shorts,500,Medium,54.0,1.18,4.37,0%,0%,"Short-form: Shorts, Reels & TikTok",adjacent,/use-cases/short-form-video
best reel maker,500,Medium,61.0,1.31,4.48,0%,0%,"Short-form: Shorts, Reels & TikTok",adjacent,/use-cases/short-form-video
ai short video generator,500,High,68.0,1.27,5.57,0%,0%,"Short-form: Shorts, Reels & TikTok",adjacent,/use-cases/short-form-video
best free reel maker app,500,Medium,62.0,0.55,2.05,0%,0%,"Short-form: Shorts, Reels & TikTok",adjacent,/use-cases/short-form-video
automatic reel maker,500,High,73.0,0.97,3.87,0%,0%,"Short-form: Shorts, Reels & TikTok",adjacent,/use-cases/short-form-video
app for making reels,500,High,73.0,0.9,3.45,0%,0%,"Short-form: Shorts, Reels & TikTok",adjacent,/use-cases/short-form-video
instagram video creator,500,Medium,62.0,0.89,3.74,0%,0%,"Short-form: Shorts, Reels & TikTok",adjacent,/use-cases/short-form-video
best free app to make reels,500,Medium,58.0,0.53,1.96,0%,-90%,"Short-form: Shorts, Reels & TikTok",adjacent,/use-cases/short-form-video
best app to make instagram reels,500,Medium,64.0,1.14,3.54,0%,0%,"Short-form: Shorts, Reels & TikTok",adjacent,/use-cases/short-form-video
instagram reel maker app,500,High,69.0,0.98,3.03,0%,-90%,"Short-form: Shorts, Reels & TikTok",adjacent,/use-cases/short-form-video
best app for making instagram reels,500,Medium,63.0,0.92,3.15,0%,0%,"Short-form: Shorts, Reels & TikTok",adjacent,/use-cases/short-form-video
short video creator,500,Medium,65.0,1.27,5.32,0%,0%,"Short-form: Shorts, Reels & TikTok",adjacent,/use-cases/short-form-video
video reel maker,500,High,72.0,1.06,4.05,0%,-90%,"Short-form: Shorts, Reels & TikTok",adjacent,/use-cases/short-form-video
reels making app,500,High,71.0,0.93,3.04,0%,0%,"Short-form: Shorts, Reels & TikTok",adjacent,/use-cases/short-form-video
ai youtube shorts generator,500,Medium,59.0,0.94,3.84,0%,0%,"Short-form: Shorts, Reels & TikTok",adjacent,/use-cases/short-form-video
insta reel maker,500,Medium,53.0,1.01,3.54,0%,0%,"Short-form: Shorts, Reels & TikTok",adjacent,/use-cases/short-form-video
youtube shorts generator,500,Medium,61.0,0.91,3.6,0%,0%,"Short-form: Shorts, Reels & TikTok",adjacent,/use-cases/short-form-video
short video ai,500,Medium,52.0,0.97,2.75,0%,-90%,"Short-form: Shorts, Reels & TikTok",adjacent,/use-cases/short-form-video
instagram video generator,500,Medium,62.0,0.89,3.74,0%,0%,"Short-form: Shorts, Reels & TikTok",adjacent,/use-cases/short-form-video
short video online,500,Low,8.0,0.49,2.83,-90%,-90%,"Short-form: Shorts, Reels & TikTok",adjacent,/use-cases/short-form-video
youtube shorts ai,500,Medium,53.0,1.12,4.01,0%,0%,"Short-form: Shorts, Reels & TikTok",adjacent,/use-cases/short-form-video
ai short video,500,Medium,37.0,1.09,3.57,0%,0%,"Short-form: Shorts, Reels & TikTok",adjacent,/use-cases/short-form-video
make reels app,50,High,70.0,0.87,3.7,0%,-90%,"Short-form: Shorts, Reels & TikTok",adjacent,/use-cases/short-form-video
create reels app,50,Medium,64.0,1.01,3.55,0%,0%,"Short-form: Shorts, Reels & TikTok",adjacent,/use-cases/short-form-video
best app to make reels with music,50,Medium,65.0,0.96,2.92,0%,0%,"Short-form: Shorts, Reels & TikTok",adjacent,/use-cases/short-form-video
online reel maker,50,Medium,54.0,0.57,3.34,0%,0%,"Short-form: Shorts, Reels & TikTok",adjacent,/use-cases/short-form-video
reel maker online,50,High,71.0,0.49,2.56,0%,0%,"Short-form: Shorts, Reels & TikTok",adjacent,/use-cases/short-form-video
instagram video maker free,50,High,69.0,0.52,1.94,0%,0%,"Short-form: Shorts, Reels & TikTok",adjacent,/use-cases/short-form-video
best app for making reels video,50,Unknown,,,,-100%,-100%,"Short-form: Shorts, Reels & TikTok",adjacent,/use-cases/short-form-video
tiktok video maker app,50,Medium,53.0,1.07,3.91,0%,0%,"Short-form: Shorts, Reels & TikTok",adjacent,/use-cases/short-form-video
make reels online,50,High,82.0,0.94,3.2,0%,0%,"Short-form: Shorts, Reels & TikTok",adjacent,/use-cases/short-form-video
create short video online free,50,Medium,57.0,0.59,2.26,0%,0%,"Short-form: Shorts, Reels & TikTok",adjacent,/use-cases/short-form-video
make short video online,50,High,67.0,0.87,3.23,0%,0%,"Short-form: Shorts, Reels & TikTok",adjacent,/use-cases/short-form-video
reel video maker,50,Medium,63.0,1.22,3.57,0%,0%,"Short-form: Shorts, Reels & TikTok",adjacent,/use-cases/short-form-video
instagram story video maker,50,Low,16.0,0.88,2.21,0%,0%,"Short-form: Shorts, Reels & TikTok",adjacent,/use-cases/short-form-video
free instagram video maker,50,High,71.0,0.55,1.96,0%,0%,"Short-form: Shorts, Reels & TikTok",adjacent,/use-cases/short-form-video
instagram video maker app,50,Medium,54.0,0.88,2.58,0%,0%,"Short-form: Shorts, Reels & TikTok",adjacent,/use-cases/short-form-video
instagram reels making app,50,Medium,64.0,0.9,3.12,0%,0%,"Short-form: Shorts, Reels & TikTok",adjacent,/use-cases/short-form-video
online short video maker,50,Medium,57.0,1.52,3.35,0%,0%,"Short-form: Shorts, Reels & TikTok",adjacent,/use-cases/short-form-video
short video creator online,50,High,86.0,,,0%,0%,"Short-form: Shorts, Reels & TikTok",adjacent,/use-cases/short-form-video
short video generator,50,Medium,59.0,0.93,4.65,0%,-90%,"Short-form: Shorts, Reels & TikTok",adjacent,/use-cases/short-form-video
short video maker app,50,Low,8.0,0.67,2.05,0%,0%,"Short-form: Shorts, Reels & TikTok",adjacent,/use-cases/short-form-video
short video making app,50,Low,29.0,0.67,4.09,0%,0%,"Short-form: Shorts, Reels & TikTok",adjacent,/use-cases/short-form-video
create youtube shorts on pc,50,Low,31.0,,,0%,0%,"Short-form: Shorts, Reels & TikTok",adjacent,/use-cases/short-form-video
short video on artificial intelligence,50,Low,0.0,,,0%,0%,"Short-form: Shorts, Reels & TikTok",adjacent,/use-cases/short-form-video
viral reels generator,50,Medium,59.0,1.41,3.97,0%,0%,"Short-form: Shorts, Reels & TikTok",adjacent,/use-cases/short-form-video
voice over maker,500,Medium,50.0,0.61,4.28,900%,0%,Voiceover,adjacent,/programmatic-video
voice over video maker,50,Medium,39.0,0.92,6.58,0%,0%,Voiceover,adjacent,/programmatic-video
voice to video maker,50,Medium,57.0,,,0%,0%,Voiceover,adjacent,/programmatic-video
voice maker for video,50,Medium,38.0,,,0%,0%,Voiceover,adjacent,/programmatic-video
video voice maker,50,Low,10.0,,,0%,0%,Voiceover,adjacent,/programmatic-video
voice video maker,50,Low,10.0,,,0%,0%,Voiceover,adjacent,/programmatic-video
youtube video maker,5000,Medium,49.0,0.9,3.53,0%,0%,YouTube videos & channel,adjacent,/use-cases/youtube-videos
youtube video creator,5000,Medium,49.0,0.9,3.53,0%,0%,YouTube videos & channel,adjacent,/use-cases/youtube-videos
youtube clip maker,5000,Low,20.0,0.55,2.66,0%,0%,YouTube videos & channel,adjacent,/use-cases/youtube-videos
youtube ai,5000,Low,16.0,0.71,3.23,0%,-90%,YouTube videos & channel,adjacent,/use-cases/youtube-videos
ai youtube videos,5000,Low,27.0,1.0,3.61,0%,0%,YouTube videos & channel,adjacent,/use-cases/youtube-videos
youtube ai video,5000,Low,27.0,1.0,3.61,0%,0%,YouTube videos & channel,adjacent,/use-cases/youtube-videos
youtube ai videos,5000,Low,27.0,1.0,3.61,0%,0%,YouTube videos & channel,adjacent,/use-cases/youtube-videos
ai youtube video maker,500,High,72.0,1.0,3.94,0%,0%,YouTube videos & channel,adjacent,/use-cases/youtube-videos
make a youtube video,500,Low,32.0,0.75,2.77,0%,0%,YouTube videos & channel,adjacent,/use-cases/youtube-videos
apps to edit youtube videos,500,Medium,41.0,0.8,2.21,0%,0%,YouTube videos & channel,adjacent,/use-cases/youtube-videos
youtube video maker free,500,Medium,55.0,0.81,3.1,0%,0%,YouTube videos & channel,adjacent,/use-cases/youtube-videos
youtube maker,500,Low,11.0,0.9,3.42,0%,0%,YouTube videos & channel,adjacent,/use-cases/youtube-videos
create youtube videos with ai,500,High,75.0,1.32,6.24,900%,0%,YouTube videos & channel,adjacent,/use-cases/youtube-videos
ai youtube video generator,500,Medium,64.0,1.14,4.08,0%,0%,YouTube videos & channel,adjacent,/use-cases/youtube-videos
youtube script generator,500,Low,12.0,0.59,3.2,0%,0%,YouTube videos & channel,adjacent,/use-cases/youtube-videos
ai generated youtube videos,500,Medium,39.0,0.94,5.01,0%,0%,YouTube videos & channel,adjacent,/use-cases/youtube-videos
ai for youtube videos,500,High,69.0,1.2,4.53,0%,0%,YouTube videos & channel,adjacent,/use-cases/youtube-videos
ai video generator for youtube,500,Medium,67.0,1.12,4.99,900%,900%,YouTube videos & channel,adjacent,/use-cases/youtube-videos
youtube video generator,500,Medium,43.0,0.94,3.79,0%,0%,YouTube videos & channel,adjacent,/use-cases/youtube-videos
youtube video generator ai,500,Medium,64.0,1.16,3.85,0%,900%,YouTube videos & channel,adjacent,/use-cases/youtube-videos
youtube video ai,500,Low,33.0,1.19,3.95,0%,0%,YouTube videos & channel,adjacent,/use-cases/youtube-videos
youtube ai tools,500,Low,31.0,0.86,3.57,0%,0%,YouTube videos & channel,adjacent,/use-cases/youtube-videos
youtube video clip maker,500,Low,26.0,0.38,2.62,0%,0%,YouTube videos & channel,adjacent,/use-cases/youtube-videos
youtube ai generator,500,Medium,52.0,0.93,3.61,0%,0%,YouTube videos & channel,adjacent,/use-cases/youtube-videos
ai music youtube,500,Low,1.0,,,0%,0%,YouTube videos & channel,adjacent,/use-cases/youtube-videos
ai on youtube,500,Low,2.0,0.77,2.61,0%,0%,YouTube videos & channel,adjacent,/use-cases/youtube-videos
ai video youtube,500,Low,12.0,1.11,3.8,0%,0%,YouTube videos & channel,adjacent,/use-cases/youtube-videos
ai warehouse youtube,500,Low,0.0,,,0%,0%,YouTube videos & channel,adjacent,/use-cases/youtube-videos
ai youtube channel,500,Low,3.0,0.63,4.02,0%,0%,YouTube videos & channel,adjacent,/use-cases/youtube-videos
best ai youtube channels,500,Low,2.0,1.28,2.9,0%,0%,YouTube videos & channel,adjacent,/use-cases/youtube-videos
create second youtube channel,500,Low,1.0,,,0%,0%,YouTube videos & channel,adjacent,/use-cases/youtube-videos
generator video youtube,500,Medium,43.0,0.94,3.79,0%,0%,YouTube videos & channel,adjacent,/use-cases/youtube-videos
mp3 generator youtube,500,Low,1.0,,,0%,0%,YouTube videos & channel,adjacent,/use-cases/youtube-videos
youtube ai tool,500,Low,31.0,0.86,3.57,0%,0%,YouTube videos & channel,adjacent,/use-cases/youtube-videos
youtube mp3 maker,500,Low,0.0,,,0%,0%,YouTube videos & channel,adjacent,/use-cases/youtube-videos
best app to make youtube videos,50,Medium,56.0,0.91,3.16,0%,-90%,YouTube videos & channel,adjacent,/use-cases/youtube-videos
youtube video maker app,50,Medium,62.0,0.68,2.42,0%,0%,YouTube videos & channel,adjacent,/use-cases/youtube-videos
youtube script writer ai,50,Medium,37.0,1.1,3.03,0%,0%,YouTube videos & channel,adjacent,/use-cases/youtube-videos
ai for youtube,50,Medium,52.0,1.14,4.33,0%,-90%,YouTube videos & channel,adjacent,/use-cases/youtube-videos
youtube video creator app,50,Medium,62.0,0.68,2.42,0%,0%,YouTube videos & channel,adjacent,/use-cases/youtube-videos
youtube ad generator,50,Medium,64.0,3.25,12.71,0%,0%,YouTube videos & channel,adjacent,/use-cases/youtube-videos
youtube tools for creators,50,Medium,45.0,1.03,3.72,0%,0%,YouTube videos & channel,adjacent,/use-cases/youtube-videos
ai youtube script writer,50,Medium,47.0,0.75,4.04,0%,0%,YouTube videos & channel,adjacent,/use-cases/youtube-videos
youtube video maker online,50,Low,24.0,0.63,2.76,0%,-90%,YouTube videos & channel,adjacent,/use-cases/youtube-videos
ai to create youtube videos,50,High,80.0,1.45,6.7,0%,0%,YouTube videos & channel,adjacent,/use-cases/youtube-videos
ai video maker for youtube,50,Medium,65.0,1.28,5.11,0%,0%,YouTube videos & channel,adjacent,/use-cases/youtube-videos
ai youtube video creator,50,High,75.0,1.16,4.58,0%,0%,YouTube videos & channel,adjacent,/use-cases/youtube-videos
ai voice for youtube videos,50,Medium,52.0,0.39,2.23,0%,0%,YouTube videos & channel,adjacent,/use-cases/youtube-videos
youtube video creator ai,50,High,75.0,1.11,5.18,0%,0%,YouTube videos & channel,adjacent,/use-cases/youtube-videos
youtube video maker ai,50,High,71.0,0.94,3.64,0%,0%,YouTube videos & channel,adjacent,/use-cases/youtube-videos
ai to make youtube videos,50,Medium,66.0,1.26,5.2,0%,0%,YouTube videos & channel,adjacent,/use-cases/youtube-videos
youtube seo ai,50,Low,28.0,2.93,14.04,0%,0%,YouTube videos & channel,adjacent,/use-cases/youtube-videos
make youtube videos with ai,50,Medium,66.0,1.15,5.37,0%,0%,YouTube videos & channel,adjacent,/use-cases/youtube-videos
text to youtube video ai,50,Medium,38.0,,,0%,0%,YouTube videos & channel,adjacent,/use-cases/youtube-videos
free ai youtube video generator,50,High,74.0,0.7,3.98,0%,0%,YouTube videos & channel,adjacent,/use-cases/youtube-videos
ai generated videos for youtube,50,Medium,61.0,1.44,6.5,0%,0%,YouTube videos & channel,adjacent,/use-cases/youtube-videos
ai powered youtube idea generator,50,Low,0.0,,,0%,0%,YouTube videos & channel,adjacent,/use-cases/youtube-videos
ai tools for youtube,50,Low,21.0,2.05,8.09,0%,0%,YouTube videos & channel,adjacent,/use-cases/youtube-videos
youtube video ai generator,50,High,68.0,1.13,5.36,0%,0%,YouTube videos & channel,adjacent,/use-cases/youtube-videos
ai youtube generator,50,Medium,49.0,1.15,3.61,0%,0%,YouTube videos & channel,adjacent,/use-cases/youtube-videos
youtube video idea generator ai,50,Low,0.0,,,∞,0%,YouTube videos & channel,adjacent,/use-cases/youtube-videos
free ai tools for youtube,50,Low,0.0,,,0%,0%,YouTube videos & channel,adjacent,/use-cases/youtube-videos
ai making youtube videos,50,Medium,65.0,0.78,2.4,0%,0%,YouTube videos & channel,adjacent,/use-cases/youtube-videos
youtube name generator ai,50,Low,10.0,,,0%,0%,YouTube videos & channel,adjacent,/use-cases/youtube-videos
ai youtube idea generator,50,Medium,43.0,,,0%,0%,YouTube videos & channel,adjacent,/use-cases/youtube-videos
wordtune youtube,50,Low,0.0,,,∞,∞,YouTube videos & channel,adjacent,/use-cases/youtube-videos
ai video generator youtube,50,High,69.0,0.81,3.35,0%,0%,YouTube videos & channel,adjacent,/use-cases/youtube-videos
youtube link to video maker,50,Low,1.0,,,0%,0%,YouTube videos & channel,adjacent,/use-cases/youtube-videos
youtube idea generator,50,Low,29.0,1.06,3.23,0%,0%,YouTube videos & channel,adjacent,/use-cases/youtube-videos
youtube video to text generator,50,Medium,35.0,,,0%,0%,YouTube videos & channel,adjacent,/use-cases/youtube-videos
best ai tools for youtube,50,Low,31.0,1.76,4.44,0%,0%,YouTube videos & channel,adjacent,/use-cases/youtube-videos
content generator for youtube,50,High,86.0,,,∞,0%,YouTube videos & channel,adjacent,/use-cases/youtube-videos
ai generated youtube,50,Low,16.0,0.97,3.43,0%,0%,YouTube videos & channel,adjacent,/use-cases/youtube-videos
ai generated youtube channel,50,Low,9.0,0.91,2.76,0%,0%,YouTube videos & channel,adjacent,/use-cases/youtube-videos
ai generated youtube channels,50,Low,9.0,0.91,2.76,0%,0%,YouTube videos & channel,adjacent,/use-cases/youtube-videos
ai in youtube,50,Low,2.0,,,0%,0%,YouTube videos & channel,adjacent,/use-cases/youtube-videos
ai robot youtube,50,Low,0.0,,,0%,0%,YouTube videos & channel,adjacent,/use-cases/youtube-videos
ai shinozaki youtube,50,Low,0.0,,,0%,0%,YouTube videos & channel,adjacent,/use-cases/youtube-videos
ai tool for youtube,50,Low,21.0,2.05,8.09,0%,0%,YouTube videos & channel,adjacent,/use-cases/youtube-videos
ai weiwei youtube,50,Low,0.0,,,0%,0%,YouTube videos & channel,adjacent,/use-cases/youtube-videos
artificial intelligence course youtube,50,Medium,56.0,1.78,4.93,0%,0%,YouTube videos & channel,adjacent,/use-cases/youtube-videos
artificial intelligence in youtube,50,Unknown,,,,0%,0%,YouTube videos & channel,adjacent,/use-cases/youtube-videos
artificial youtube,50,Low,0.0,,,0%,0%,YouTube videos & channel,adjacent,/use-cases/youtube-videos
autoblow ai youtube,50,Unknown,,,,0%,-100%,YouTube videos & channel,adjacent,/use-cases/youtube-videos
best ai channels on youtube,50,Low,0.0,,,0%,0%,YouTube videos & channel,adjacent,/use-cases/youtube-videos
gpt 3 youtube,50,Low,0.0,,,∞,0%,YouTube videos & channel,adjacent,/use-cases/youtube-videos
otter ai youtube,50,Low,20.0,1.65,5.01,0%,0%,YouTube videos & channel,adjacent,/use-cases/youtube-videos
otter ai youtube videos,50,Medium,43.0,,,0%,0%,YouTube videos & channel,adjacent,/use-cases/youtube-videos
random youtube video idea generator,50,Low,7.0,,,0%,0%,YouTube videos & channel,adjacent,/use-cases/youtube-videos
rytr youtube,50,Unknown,,,,0%,-100%,YouTube videos & channel,adjacent,/use-cases/youtube-videos
ted talk artificial intelligence youtube,50,Low,3.0,,,0%,0%,YouTube videos & channel,adjacent,/use-cases/youtube-videos
topaz tutorials on youtube,50,Low,10.0,,,0%,0%,YouTube videos & channel,adjacent,/use-cases/youtube-videos
writesonic youtube,50,Unknown,,,,-100%,-100%,YouTube videos & channel,adjacent,/use-cases/youtube-videos
youtube acapella generator,50,Unknown,,,,0%,0%,YouTube videos & channel,adjacent,/use-cases/youtube-videos
youtube ai algorithm,50,Low,3.0,,,0%,0%,YouTube videos & channel,adjacent,/use-cases/youtube-videos
youtube ai mimi,50,Unknown,,,,0%,0%,YouTube videos & channel,adjacent,/use-cases/youtube-videos
youtube ai point,50,Unknown,,,,0%,0%,YouTube videos & channel,adjacent,/use-cases/youtube-videos
youtube algorithm ai,50,Low,12.0,,,0%,0%,YouTube videos & channel,adjacent,/use-cases/youtube-videos
youtube article generator,50,Unknown,,,,0%,0%,YouTube videos & channel,adjacent,/use-cases/youtube-videos
youtube audio generator,50,Low,6.0,,,0%,0%,YouTube videos & channel,adjacent,/use-cases/youtube-videos
youtube carlinkit,50,High,100.0,,,0%,0%,YouTube videos & channel,adjacent,/use-cases/youtube-videos
youtube cc generator,50,Low,14.0,,,0%,0%,YouTube videos & channel,adjacent,/use-cases/youtube-videos
youtube channel idea generator,50,Low,21.0,,,0%,0%,YouTube videos & channel,adjacent,/use-cases/youtube-videos
youtube channel name ai,50,Unknown,,,,-100%,-100%,YouTube videos & channel,adjacent,/use-cases/youtube-videos
youtube clip generator,50,Medium,41.0,0.74,4.57,0%,-90%,YouTube videos & channel,adjacent,/use-cases/youtube-videos
youtube gpt 3,50,Unknown,,,,0%,0%,YouTube videos & channel,adjacent,/use-cases/youtube-videos
youtube jasper ai,50,Low,0.0,,,0%,0%,YouTube videos & channel,adjacent,/use-cases/youtube-videos
youtube open ai,50,Low,0.0,,,0%,-90%,YouTube videos & channel,adjacent,/use-cases/youtube-videos
youtube otter ai,50,Low,8.0,,,0%,0%,YouTube videos & channel,adjacent,/use-cases/youtube-videos
youtube to text generator,50,Low,9.0,,,0%,0%,YouTube videos & channel,adjacent,/use-cases/youtube-videos
youtube to wav generator,50,Unknown,,,,-100%,-100%,YouTube videos & channel,adjacent,/use-cases/youtube-videos
youtube video id generator,50,Low,0.0,,,0%,0%,YouTube videos & channel,adjacent,/use-cases/youtube-videos
youtube video link to audio generator,50,Unknown,,,,0%,0%,YouTube videos & channel,adjacent,/use-cases/youtube-videos
youtube video script generator ai,50,Unknown,,,,-100%,-100%,YouTube videos & channel,adjacent,/use-cases/youtube-videos
youtube video script generator in hindi,50,Unknown,,,,0%,0%,YouTube videos & channel,adjacent,/use-cases/youtube-videos
youtube video script generator online,50,Unknown,,,,0%,-100%,YouTube videos & channel,adjacent,/use-cases/youtube-videos
youtube video text generator,50,Low,32.0,0.22,2.02,0%,0%,YouTube videos & channel,adjacent,/use-cases/youtube-videos
youtube video to article generator,50,Unknown,,,,0%,-100%,YouTube videos & channel,adjacent,/use-cases/youtube-videos
youtube video to audio file generator,50,Unknown,,,,0%,0%,YouTube videos & channel,adjacent,/use-cases/youtube-videos
youtube video to audio generator,50,Low,0.0,,,0%,0%,YouTube videos & channel,adjacent,/use-cases/youtube-videos
youtube video to audio generator online,50,Unknown,,,,0%,0%,YouTube videos & channel,adjacent,/use-cases/youtube-videos
article generator from youtube video,0,Unknown,,,,0%,0%,YouTube videos & channel,adjacent,/use-cases/youtube-videos
wordhero youtube,0,Unknown,,,,0%,-100%,YouTube videos & channel,adjacent,/use-cases/youtube-videos
youtube ai aniq,0,Unknown,,,,0%,0%,YouTube videos & channel,adjacent,/use-cases/youtube-videos
canva video editor,50000,Low,3.0,0.79,3.98,0%,0%,Competitor: Canva video,compare,"(candidate: /vs/canva, not built)"
canva video editing,5000,Low,4.0,0.94,4.22,0%,0%,Competitor: Canva video,compare,"(candidate: /vs/canva, not built)"
canva video maker,5000,Low,5.0,0.83,3.96,0%,0%,Competitor: Canva video,compare,"(candidate: /vs/canva, not built)"
canva edit video,5000,Low,5.0,0.51,3.06,-90%,0%,Competitor: Canva video,compare,"(candidate: /vs/canva, not built)"
canva online video editor,5000,Low,0.0,0.35,1.33,900%,0%,Competitor: Canva video,compare,"(candidate: /vs/canva, not built)"
spotify canvas maker,500,Medium,38.0,1.01,4.77,0%,0%,Competitor: Canva video,compare,"(candidate: /vs/canva, not built)"
canva intro maker,500,Low,1.0,0.38,6.65,-90%,0%,Competitor: Canva video,compare,"(candidate: /vs/canva, not built)"
canva for video editing,500,Low,3.0,1.08,3.17,0%,0%,Competitor: Canva video,compare,"(candidate: /vs/canva, not built)"
video editor canva,500,Low,4.0,0.68,4.46,0%,0%,Competitor: Canva video,compare,"(candidate: /vs/canva, not built)"
video editing in canva,500,Low,2.0,,,-90%,-90%,Competitor: Canva video,compare,"(candidate: /vs/canva, not built)"
video editing canva,500,Low,7.0,0.82,7.34,-90%,-90%,Competitor: Canva video,compare,"(candidate: /vs/canva, not built)"
canva video editor free,500,Low,18.0,0.95,3.37,-90%,-90%,Competitor: Canva video,compare,"(candidate: /vs/canva, not built)"
edit video canva,500,Low,8.0,0.47,2.1,0%,0%,Competitor: Canva video,compare,"(candidate: /vs/canva, not built)"
edit video in canva,500,Low,4.0,0.98,3.05,0%,0%,Competitor: Canva video,compare,"(candidate: /vs/canva, not built)"
canva video transition,500,Low,0.0,,,0%,0%,Competitor: Canva video,compare,"(candidate: /vs/canva, not built)"
pictory text to video,500,Medium,59.0,0.86,3.85,0%,0%,Competitor: Pictory,compare,/vs/pictory
pictory ai free,500,Medium,61.0,0.78,4.03,0%,0%,Competitor: Pictory,compare,/vs/pictory
pictory youtube,50,Low,21.0,,,0%,0%,Competitor: Pictory,compare,/vs/pictory
animaker ai,5000,Medium,66.0,0.31,5.35,0%,0%,Competitor: Renderforest / Animaker / Biteable / Invideo / Powtoon,compare,/compare
renderforest ai,5000,Medium,51.0,0.55,4.3,0%,0%,Competitor: Renderforest / Animaker / Biteable / Invideo / Powtoon,compare,/compare
animaker free,500,Medium,65.0,0.31,4.74,0%,0%,Competitor: Renderforest / Animaker / Biteable / Invideo / Powtoon,compare,/compare
animaker com,500,Medium,38.0,0.3,5.2,-90%,-90%,Competitor: Renderforest / Animaker / Biteable / Invideo / Powtoon,compare,/compare
animaker app,500,Medium,50.0,0.31,3.7,0%,0%,Competitor: Renderforest / Animaker / Biteable / Invideo / Powtoon,compare,/compare
biteable video maker,500,Low,9.0,0.81,4.43,0%,-90%,Competitor: Renderforest / Animaker / Biteable / Invideo / Powtoon,compare,/compare
animaker pricing,500,Low,33.0,0.3,4.36,0%,0%,Competitor: Renderforest / Animaker / Biteable / Invideo / Powtoon,compare,/compare
animaker voice,500,Medium,55.0,0.2,1.22,0%,-90%,Competitor: Renderforest / Animaker / Biteable / Invideo / Powtoon,compare,/compare
invideo video editor,500,Medium,36.0,0.53,3.19,0%,-90%,Competitor: Renderforest / Animaker / Biteable / Invideo / Powtoon,compare,/compare
invideo online video editor,500,Low,5.0,,,-90%,0%,Competitor: Renderforest / Animaker / Biteable / Invideo / Powtoon,compare,/compare
powtoon video maker,500,Medium,46.0,,,0%,0%,Competitor: Renderforest / Animaker / Biteable / Invideo / Powtoon,compare,/compare
animaker video,500,Medium,43.0,0.24,2.91,0%,0%,Competitor: Renderforest / Animaker / Biteable / Invideo / Powtoon,compare,/compare
vyond legacy,500,Low,3.0,2.03,3.91,0%,0%,Competitor: Renderforest / Animaker / Biteable / Invideo / Powtoon,compare,/compare
animaker video maker,500,Medium,43.0,0.24,2.91,0%,0%,Competitor: Renderforest / Animaker / Biteable / Invideo / Powtoon,compare,/compare
biteable com,500,Low,3.0,1.01,2.42,0%,0%,Competitor: Renderforest / Animaker / Biteable / Invideo / Powtoon,compare,/compare
biteable video,50,Low,17.0,2.29,9.26,0%,0%,Competitor: Renderforest / Animaker / Biteable / Invideo / Powtoon,compare,/compare
biteable pricing,50,Low,4.0,,,0%,0%,Competitor: Renderforest / Animaker / Biteable / Invideo / Powtoon,compare,/compare
app animaker,50,Medium,45.0,0.29,2.14,0%,0%,Competitor: Renderforest / Animaker / Biteable / Invideo / Powtoon,compare,/compare
powtoon video editing,50,Medium,57.0,,,0%,0%,Competitor: Renderforest / Animaker / Biteable / Invideo / Powtoon,compare,/compare
biteable app,50,Low,13.0,1.82,8.47,0%,0%,Competitor: Renderforest / Animaker / Biteable / Invideo / Powtoon,compare,/compare
animaker online,50,Low,0.0,,,0%,0%,Competitor: Renderforest / Animaker / Biteable / Invideo / Powtoon,compare,/compare
invideo intro maker,50,Unknown,,,,-100%,-100%,Competitor: Renderforest / Animaker / Biteable / Invideo / Powtoon,compare,/compare
app animaker com,50,Low,11.0,,,0%,0%,Competitor: Renderforest / Animaker / Biteable / Invideo / Powtoon,compare,/compare
lumen5 video maker,50,High,70.0,0.86,3.59,0%,0%,Competitor: Renderforest / Animaker / Biteable / Invideo / Powtoon,compare,/compare
invideo free online video editor,50,Unknown,,,,0%,-100%,Competitor: Renderforest / Animaker / Biteable / Invideo / Powtoon,compare,/compare
steve ai video,50,Medium,49.0,1.39,5.57,0%,0%,Competitor: Renderforest / Animaker / Biteable / Invideo / Powtoon,compare,/compare
animaker voice generator,50,Unknown,,,,0%,-100%,Competitor: Renderforest / Animaker / Biteable / Invideo / Powtoon,compare,/compare
gliacloud pricing,50,Unknown,,,,0%,0%,Competitor: Renderforest / Animaker / Biteable / Invideo / Powtoon,compare,/compare
steve ai animaker,50,Medium,66.0,0.59,5.91,0%,0%,Competitor: Renderforest / Animaker / Biteable / Invideo / Powtoon,compare,/compare
synthesia ai,50000,Medium,56.0,0.6,5.79,0%,-90%,Competitor: Synthesia,compare,/vs/synthesia
synthesia ai video generator,50000,Low,12.0,0.6,4.6,-90%,-90%,Competitor: Synthesia,compare,/vs/synthesia
synthesiaai,50000,Medium,56.0,0.6,5.79,0%,-90%,Competitor: Synthesia,compare,/vs/synthesia
synthesia ai video,5000,Medium,63.0,0.7,7.56,-90%,-90%,Competitor: Synthesia,compare,/vs/synthesia
synthesia al video,5000,Medium,63.0,0.7,7.56,-90%,-90%,Competitor: Synthesia,compare,/vs/synthesia
synthesia io,5000,Medium,53.0,0.6,6.57,0%,-90%,Competitor: Synthesia,compare,/vs/synthesia
synthesia video creator,500,Low,21.0,0.71,4.67,0%,-90%,Competitor: Synthesia,compare,/vs/synthesia
synthesia ai free,500,Medium,56.0,0.62,3.93,0%,0%,Competitor: Synthesia,compare,/vs/synthesia
synthesia pricing,500,Medium,50.0,0.7,8.21,0%,-90%,Competitor: Synthesia,compare,/vs/synthesia
synthesia video,500,Medium,40.0,0.67,5.72,0%,0%,Competitor: Synthesia,compare,/vs/synthesia
synthesia text to video,500,Low,21.0,0.97,5.1,0%,-90%,Competitor: Synthesia,compare,/vs/synthesia
synthesia video ai,500,Medium,53.0,0.67,6.61,0%,-90%,Competitor: Synthesia,compare,/vs/synthesia
synthesia video generator,500,Medium,53.0,0.7,5.32,0%,0%,Competitor: Synthesia,compare,/vs/synthesia
synthesia ai video generation,500,Low,4.0,,,-90%,-99%,Competitor: Synthesia,compare,/vs/synthesia
video synthesia,500,Medium,40.0,0.67,5.72,0%,0%,Competitor: Synthesia,compare,/vs/synthesia
synthesia io free,50,High,78.0,0.44,5.28,0%,0%,Competitor: Synthesia,compare,/vs/synthesia
ai synthesia,50,Medium,55.0,0.67,4.16,0%,0%,Competitor: Synthesia,compare,/vs/synthesia
synthesia ai pricing,50,Medium,45.0,0.69,6.47,0%,-90%,Competitor: Synthesia,compare,/vs/synthesia
synthesia io pricing,50,Medium,63.0,1.14,7.78,0%,0%,Competitor: Synthesia,compare,/vs/synthesia
synthesia corporate pricing,50,Medium,57.0,,,0%,0%,Competitor: Synthesia,compare,/vs/synthesia
synthesia ai video free,50,Medium,57.0,,,∞,0%,Competitor: Synthesia,compare,/vs/synthesia
gpt 3 synthesia,50,Unknown,,,,0%,0%,Competitor: Synthesia,compare,/vs/synthesia
synthesia ai video generation platform,50,Low,3.0,,,0%,-90%,Competitor: Synthesia,compare,/vs/synthesia
synthesia create ai video,50,Low,7.0,,,0%,0%,Competitor: Synthesia,compare,/vs/synthesia
synthesia plans,50,Medium,39.0,0.66,7.25,0%,-90%,Competitor: Synthesia,compare,/vs/synthesia
create a free ai video synthesia,50,High,71.0,,,0%,∞,Competitor: Synthesia,compare,/vs/synthesia
synthesia business email,50,Unknown,,,,0%,0%,Competitor: Synthesia,compare,/vs/synthesia
synthesia free ai video,50,Medium,36.0,,,0%,0%,Competitor: Synthesia,compare,/vs/synthesia
ai video synthesia,50,Medium,61.0,1.25,3.88,0%,0%,Competitor: Synthesia,compare,/vs/synthesia
create synthesia video,50,Unknown,,,,-100%,0%,Competitor: Synthesia,compare,/vs/synthesia
created using synthesia,50,Unknown,,,,0%,0%,Competitor: Synthesia,compare,/vs/synthesia
free synthesia io,50,Unknown,,,,0%,0%,Competitor: Synthesia,compare,/vs/synthesia
http synthesia io,50,High,71.0,,,0%,0%,Competitor: Synthesia,compare,/vs/synthesia
https synthesia io,50,Medium,51.0,0.43,4.33,0%,0%,Competitor: Synthesia,compare,/vs/synthesia
synthesia 1 ai video generation platform,50,Unknown,,,,0%,0%,Competitor: Synthesia,compare,/vs/synthesia
synthesia ai app,50,Medium,45.0,0.61,3.15,0%,0%,Competitor: Synthesia,compare,/vs/synthesia
synthesia ai character,50,Unknown,,,,-100%,-100%,Competitor: Synthesia,compare,/vs/synthesia
synthesia ai tool,50,Medium,42.0,0.63,7.18,0%,0%,Competitor: Synthesia,compare,/vs/synthesia
synthesia create a free ai video,50,Unknown,,,,-100%,0%,Competitor: Synthesia,compare,/vs/synthesia
synthesia create video,50,High,81.0,0.62,6.01,0%,0%,Competitor: Synthesia,compare,/vs/synthesia
synthesia creator,50,Medium,56.0,0.54,7.11,0%,0%,Competitor: Synthesia,compare,/vs/synthesia
synthesia free video,50,High,71.0,,,0%,0%,Competitor: Synthesia,compare,/vs/synthesia
synthesia i0,50,Unknown,,,,-100%,-100%,Competitor: Synthesia,compare,/vs/synthesia
synthesia io for free,50,High,86.0,,,∞,∞,Competitor: Synthesia,compare,/vs/synthesia
synthesia io open source,50,Low,0.0,,,0%,0%,Competitor: Synthesia,compare,/vs/synthesia
synthesia io studio,50,Medium,57.0,,,0%,∞,Competitor: Synthesia,compare,/vs/synthesia
synthesia io synthesia,50,Unknown,,,,0%,0%,Competitor: Synthesia,compare,/vs/synthesia
synthesia io video,50,High,86.0,,,0%,0%,Competitor: Synthesia,compare,/vs/synthesia
synthesia platforms,50,Medium,38.0,0.7,3.31,0%,0%,Competitor: Synthesia,compare,/vs/synthesia
synthesia robot,50,Low,0.0,,,0%,0%,Competitor: Synthesia,compare,/vs/synthesia
synthesia startup,50,Low,10.0,,,0%,0%,Competitor: Synthesia,compare,/vs/synthesia
synthesia tool,50,Low,28.0,0.81,6.19,0%,0%,Competitor: Synthesia,compare,/vs/synthesia
synthesia video maker,50,High,73.0,0.73,7.1,0%,0%,Competitor: Synthesia,compare,/vs/synthesia
synthesia video creator alternative,0,Unknown,,,,0%,-100%,Competitor: Synthesia,compare,/vs/synthesia
synthesia and click create ai video,0,Unknown,,,,0%,0%,Competitor: Synthesia,compare,/vs/synthesia
ai gpt 3 synthesia,0,Unknown,,,,0%,0%,Competitor: Synthesia,compare,/vs/synthesia
synthesia gpt 3,0,Unknown,,,,0%,0%,Competitor: Synthesia,compare,/vs/synthesia
synthesia io generate,0,Unknown,,,,0%,0%,Competitor: Synthesia,compare,/vs/synthesia
synthesia io synthesia generate,0,Unknown,,,,0%,0%,Competitor: Synthesia,compare,/vs/synthesia
whatever and search synthesia and click create ai video,0,Unknown,,,,0%,0%,Competitor: Synthesia,compare,/vs/synthesia
ads maker,5000,Medium,65.0,5.36,26.32,-90%,-90%,Ads & paid social video,core,/use-cases/video-ads
video ad maker,500,High,69.0,5.0,26.71,0%,0%,Ads & paid social video,core,/use-cases/video-ads
video ad creator,500,High,69.0,5.0,26.71,0%,0%,Ads & paid social video,core,/use-cases/video-ads
advertisement video maker,500,High,69.0,5.0,26.71,0%,0%,Ads & paid social video,core,/use-cases/video-ads
free video ad maker,500,High,75.0,3.91,20.48,0%,-90%,Ads & paid social video,core,/use-cases/video-ads
video ad generator,500,High,69.0,5.0,26.71,0%,0%,Ads & paid social video,core,/use-cases/video-ads
ai video ad generator,500,Medium,44.0,5.43,25.64,0%,0%,Ads & paid social video,core,/use-cases/video-ads
ai video ad maker,500,High,78.0,4.24,26.83,-90%,-90%,Ads & paid social video,core,/use-cases/video-ads
ai video ads generator,500,High,84.0,5.33,23.27,0%,0%,Ads & paid social video,core,/use-cases/video-ads
facebook video ad maker,500,Medium,37.0,3.86,23.74,0%,-90%,Ads & paid social video,core,/use-cases/video-ads
free video ad creator,500,High,75.0,3.91,20.48,0%,-90%,Ads & paid social video,core,/use-cases/video-ads
youtube ad maker,50,Medium,59.0,5.12,36.5,0%,0%,Ads & paid social video,core,/use-cases/video-ads
online video ad maker,50,Medium,35.0,12.69,50.03,0%,0%,Ads & paid social video,core,/use-cases/video-ads
ad maker video,50,High,71.0,,,0%,0%,Ads & paid social video,core,/use-cases/video-ads
best video ad maker,50,High,86.0,4.4,21.17,0%,0%,Ads & paid social video,core,/use-cases/video-ads
social media video ad maker,50,Medium,50.0,,,∞,0%,Ads & paid social video,core,/use-cases/video-ads
facebook video ad maker free,50,Medium,52.0,,,∞,0%,Ads & paid social video,core,/use-cases/video-ads
facebook video ad generator,50,Medium,57.0,,,0%,0%,Ads & paid social video,core,/use-cases/video-ads
video add music online,50,Low,26.0,0.18,2.74,0%,0%,Ads & paid social video,core,/use-cases/video-ads
link to video generator,500,Low,8.0,0.62,1.79,900%,900%,"Article, blog & URL to video",core,/notes/url-to-video
link to video maker,50,Low,5.0,,,0%,0%,"Article, blog & URL to video",core,/notes/url-to-video
article to video generator,50,Low,29.0,,,0%,0%,"Article, blog & URL to video",core,/notes/url-to-video
article to video generator free,50,Unknown,,,,0%,-100%,"Article, blog & URL to video",core,/notes/url-to-video
video to article generator,50,Unknown,,,,-100%,-100%,"Article, blog & URL to video",core,/notes/url-to-video
automatic video maker,50,High,70.0,0.98,3.81,0%,0%,Automated & bulk video creation,core,/programmatic-video
automatic video generator,50,Medium,43.0,1.49,8.35,900%,900%,Automated & bulk video creation,core,/programmatic-video
video templates for editing,50,Medium,34.0,1.02,3.57,0%,-90%,Automated & bulk video creation,core,/programmatic-video
automatic video creator,50,Medium,65.0,1.55,6.45,0%,0%,Automated & bulk video creation,core,/programmatic-video
automatic ai video generator,50,High,73.0,1.47,5.53,0%,0%,Automated & bulk video creation,core,/programmatic-video
video template generator,50,Low,25.0,,,0%,0%,Automated & bulk video creation,core,/programmatic-video
online video template maker,50,Low,0.0,,,0%,0%,Automated & bulk video creation,core,/programmatic-video
video template online free,50,Medium,46.0,0.15,0.63,∞,0%,Automated & bulk video creation,core,/programmatic-video
explainer video maker,500,Medium,64.0,2.97,21.05,0%,0%,"Explainer, training & presentation video",core,/use-cases/explainer-videos
video presentation maker,500,Medium,55.0,1.41,5.78,0%,0%,"Explainer, training & presentation video",core,/use-cases/explainer-videos
ai training video generator,500,High,68.0,4.41,39.11,0%,0%,"Explainer, training & presentation video",core,/use-cases/explainer-videos
ai training videos,500,Medium,54.0,4.0,29.69,0%,0%,"Explainer, training & presentation video",core,/use-cases/explainer-videos
ai explainer video,500,Medium,66.0,2.41,10.51,0%,0%,"Explainer, training & presentation video",core,/use-cases/explainer-videos
create explainer video,500,High,78.0,3.36,16.24,0%,0%,"Explainer, training & presentation video",core,/use-cases/explainer-videos
ai explainer videos,500,Medium,66.0,2.41,10.51,0%,0%,"Explainer, training & presentation video",core,/use-cases/explainer-videos
explainer video ai,500,High,72.0,2.08,10.77,0%,0%,"Explainer, training & presentation video",core,/use-cases/explainer-videos
ai video explainer,500,Medium,58.0,1.59,7.1,0%,0%,"Explainer, training & presentation video",core,/use-cases/explainer-videos
explainer video generator,500,High,78.0,3.36,16.24,0%,0%,"Explainer, training & presentation video",core,/use-cases/explainer-videos
free video presentation maker,50,Medium,60.0,1.17,6.41,0%,0%,"Explainer, training & presentation video",core,/use-cases/explainer-videos
ai video training,50,Medium,66.0,3.33,18.52,0%,0%,"Explainer, training & presentation video",core,/use-cases/explainer-videos
educational video maker free,50,Medium,48.0,1.95,10.72,0%,0%,"Explainer, training & presentation video",core,/use-cases/explainer-videos
ai video presentation,50,Medium,56.0,1.33,7.14,0%,0%,"Explainer, training & presentation video",core,/use-cases/explainer-videos
ai presentation video,50,Medium,63.0,2.05,8.21,0%,0%,"Explainer, training & presentation video",core,/use-cases/explainer-videos
promo video maker,500,High,71.0,2.56,14.36,0%,0%,"Marketing, promo & brand video",core,/use-cases/video-ads
marketing video maker,500,Medium,62.0,3.37,21.05,0%,-90%,"Marketing, promo & brand video",core,/use-cases/video-ads
promotional video maker,500,High,71.0,2.56,14.36,0%,0%,"Marketing, promo & brand video",core,/use-cases/video-ads
ai marketing video generator,500,High,67.0,4.38,17.58,0%,0%,"Marketing, promo & brand video",core,/use-cases/video-ads
social media video maker,500,Medium,63.0,1.47,8.37,0%,0%,"Marketing, promo & brand video",core,/use-cases/video-ads
social media video creator,500,Medium,63.0,1.47,8.37,0%,0%,"Marketing, promo & brand video",core,/use-cases/video-ads
free promo video maker,500,Medium,58.0,1.48,5.88,0%,-90%,"Marketing, promo & brand video",core,/use-cases/video-ads
ai marketing videos,500,Medium,56.0,4.23,17.04,0%,0%,"Marketing, promo & brand video",core,/use-cases/video-ads
business video maker,50,High,73.0,3.12,13.69,0%,0%,"Marketing, promo & brand video",core,/use-cases/video-ads
create a promo video,50,Medium,56.0,1.63,9.74,0%,0%,"Marketing, promo & brand video",core,/use-cases/video-ads
corporate video maker,50,Low,21.0,,,0%,0%,"Marketing, promo & brand video",core,/use-cases/video-ads
app promo video maker,50,High,85.0,3.21,12.74,0%,0%,"Marketing, promo & brand video",core,/use-cases/video-ads
promo maker,50,Medium,60.0,1.78,21.19,0%,0%,"Marketing, promo & brand video",core,/use-cases/video-ads
create marketing video online free,50,Low,0.0,,,0%,0%,"Marketing, promo & brand video",core,/use-cases/video-ads
ai video marketing,50,Medium,40.0,3.54,22.71,0%,0%,"Marketing, promo & brand video",core,/use-cases/video-ads
brand video maker,50,High,76.0,1.74,16.49,0%,0%,"Marketing, promo & brand video",core,/use-cases/video-ads
ai promo video,50,High,70.0,2.05,14.47,0%,0%,"Marketing, promo & brand video",core,/use-cases/video-ads
promo video generator,50,Medium,66.0,1.79,12.04,0%,0%,"Marketing, promo & brand video",core,/use-cases/video-ads
video creation for business,50,Medium,43.0,,,0%,0%,"Marketing, promo & brand video",core,/use-cases/video-ads
slideshow maker,50000,Medium,56.0,0.78,3.04,-90%,-90%,Photos & images to video,core,/notes/photos-to-video
make a video with pictures,5000,Medium,65.0,0.76,2.78,0%,0%,Photos & images to video,core,/notes/photos-to-video
slideshow video maker,5000,Medium,58.0,0.91,3.37,0%,0%,Photos & images to video,core,/notes/photos-to-video
best slideshow maker,5000,Medium,65.0,1.37,5.81,0%,0%,Photos & images to video,core,/notes/photos-to-video
ai slideshow maker,5000,Medium,64.0,1.75,5.43,0%,0%,Photos & images to video,core,/notes/photos-to-video
slideshow maker with music,5000,High,68.0,0.94,3.32,-90%,-90%,Photos & images to video,core,/notes/photos-to-video
create a video with pictures,5000,Medium,65.0,0.76,3.21,0%,0%,Photos & images to video,core,/notes/photos-to-video
make a video with pictures and music,5000,High,67.0,0.92,3.37,0%,0%,Photos & images to video,core,/notes/photos-to-video
create a slideshow,5000,Medium,44.0,0.75,3.17,900%,900%,Photos & images to video,core,/notes/photos-to-video
make a video out of photos,5000,Medium,65.0,0.76,3.21,0%,0%,Photos & images to video,core,/notes/photos-to-video
create a video with pictures and music,5000,High,67.0,0.92,3.37,0%,0%,Photos & images to video,core,/notes/photos-to-video
make a video out of pictures,5000,Medium,65.0,0.76,3.21,0%,0%,Photos & images to video,core,/notes/photos-to-video
free photo video maker,5000,Medium,61.0,0.55,2.15,-90%,-90%,Photos & images to video,core,/notes/photos-to-video
convert photo to video,5000,Medium,42.0,0.59,2.52,0%,-90%,Photos & images to video,core,/notes/photos-to-video
pic video maker,5000,Medium,65.0,0.76,2.78,0%,0%,Photos & images to video,core,/notes/photos-to-video
free slideshow generator,5000,Medium,61.0,0.81,2.76,0%,0%,Photos & images to video,core,/notes/photos-to-video
photo and video maker,5000,Medium,61.0,0.56,2.29,0%,0%,Photos & images to video,core,/notes/photos-to-video
video slideshow generator,5000,Medium,58.0,0.91,3.37,0%,0%,Photos & images to video,core,/notes/photos-to-video
slideshow with music,500,Medium,40.0,0.8,3.1,0%,0%,Photos & images to video,core,/notes/photos-to-video
online slideshow maker,500,Medium,43.0,0.71,2.92,0%,0%,Photos & images to video,core,/notes/photos-to-video
photo video maker with music,500,Medium,56.0,0.63,2.78,0%,0%,Photos & images to video,core,/notes/photos-to-video
video slideshow,500,Low,23.0,0.8,2.84,0%,0%,Photos & images to video,core,/notes/photos-to-video
free app to make video with pictures and music,500,High,68.0,0.65,2.31,0%,0%,Photos & images to video,core,/notes/photos-to-video
funeral slideshow maker,500,High,81.0,1.52,5.29,0%,0%,Photos & images to video,core,/notes/photos-to-video
make a video with pictures and music free,500,High,72.0,0.73,2.64,0%,0%,Photos & images to video,core,/notes/photos-to-video
memorial slideshow maker,500,High,81.0,1.55,5.68,0%,0%,Photos & images to video,core,/notes/photos-to-video
best slideshow maker with music,500,High,70.0,1.09,4.58,0%,0%,Photos & images to video,core,/notes/photos-to-video
create slideshow with music,500,High,68.0,0.98,3.59,0%,0%,Photos & images to video,core,/notes/photos-to-video
automatic slideshow maker,500,Medium,60.0,1.12,3.77,0%,0%,Photos & images to video,core,/notes/photos-to-video
photo video maker with music online free,500,Medium,60.0,0.64,2.33,0%,0%,Photos & images to video,core,/notes/photos-to-video
free video slideshow maker,500,Medium,65.0,0.87,2.92,0%,0%,Photos & images to video,core,/notes/photos-to-video
app to make video with pictures,500,Medium,40.0,0.94,3.12,900%,900%,Photos & images to video,core,/notes/photos-to-video
free slideshow with music,500,Medium,67.0,0.77,2.49,-90%,-90%,Photos & images to video,core,/notes/photos-to-video
free slideshow creator,500,Medium,60.0,0.9,3.0,0%,0%,Photos & images to video,core,/notes/photos-to-video
picture video with music,500,Medium,61.0,0.87,3.54,0%,0%,Photos & images to video,core,/notes/photos-to-video
photo montage video maker,500,Medium,64.0,0.75,2.74,0%,0%,Photos & images to video,core,/notes/photos-to-video
photo slideshow video maker,500,Medium,61.0,0.84,3.52,-90%,-90%,Photos & images to video,core,/notes/photos-to-video
photo video maker with song,500,Medium,53.0,0.6,2.53,0%,0%,Photos & images to video,core,/notes/photos-to-video
windows slideshow maker,500,Low,31.0,1.56,4.65,0%,0%,Photos & images to video,core,/notes/photos-to-video
create slideshow video,500,Medium,63.0,0.87,3.12,-90%,-90%,Photos & images to video,core,/notes/photos-to-video
add photo to video,500,Low,21.0,0.38,2.47,0%,0%,Photos & images to video,core,/notes/photos-to-video
app to make video with pictures and music,500,Medium,55.0,0.9,3.32,0%,0%,Photos & images to video,core,/notes/photos-to-video
add picture to video,500,Low,21.0,0.38,2.47,0%,0%,Photos & images to video,core,/notes/photos-to-video
best photo video maker app,500,Medium,37.0,0.66,2.33,0%,0%,Photos & images to video,core,/notes/photos-to-video
best app to make videos with pictures and music,500,Medium,65.0,1.03,3.11,900%,0%,Photos & images to video,core,/notes/photos-to-video
convert images to video,500,Medium,46.0,0.61,3.09,0%,0%,Photos & images to video,core,/notes/photos-to-video
slideshow online free,500,Medium,35.0,0.51,3.48,0%,0%,Photos & images to video,core,/notes/photos-to-video
make video using photos,500,Medium,64.0,0.53,2.57,0%,0%,Photos & images to video,core,/notes/photos-to-video
photo to video online,500,Medium,36.0,0.33,2.06,0%,0%,Photos & images to video,core,/notes/photos-to-video
make video with photos and music,500,High,70.0,0.7,2.64,-90%,0%,Photos & images to video,core,/notes/photos-to-video
best app for photo video maker,500,Medium,37.0,0.66,2.33,0%,0%,Photos & images to video,core,/notes/photos-to-video
photo to video converter free,500,Medium,43.0,0.4,2.67,0%,0%,Photos & images to video,core,/notes/photos-to-video
photo to video maker online free,500,Medium,48.0,0.44,1.86,0%,0%,Photos & images to video,core,/notes/photos-to-video
images to video converter online,500,Low,14.0,0.56,4.62,-90%,-90%,Photos & images to video,core,/notes/photos-to-video
video slideshow maker online,50,Medium,42.0,0.55,2.23,0%,-90%,Photos & images to video,core,/notes/photos-to-video
create video from still images free,50,High,72.0,0.95,4.4,0%,0%,Photos & images to video,core,/notes/photos-to-video
video slideshow app,50,Medium,53.0,0.69,2.45,0%,0%,Photos & images to video,core,/notes/photos-to-video
vimeo slideshow maker,50,Medium,59.0,1.26,2.94,0%,0%,Photos & images to video,core,/notes/photos-to-video
video slideshow with music,50,Medium,51.0,1.03,3.55,0%,0%,Photos & images to video,core,/notes/photos-to-video
free online video maker with music and pictures,50,Medium,64.0,0.43,2.32,0%,-90%,Photos & images to video,core,/notes/photos-to-video
quick slideshow maker,50,Medium,62.0,1.11,3.57,-90%,0%,Photos & images to video,core,/notes/photos-to-video
apps for making videos with pictures and music free,50,Low,3.0,,,0%,0%,Photos & images to video,core,/notes/photos-to-video
free slideshow maker with music and effects,50,Unknown,,,,0%,-100%,Photos & images to video,core,/notes/photos-to-video
slideshow creator online,50,Low,20.0,,,0%,0%,Photos & images to video,core,/notes/photos-to-video
simple slideshow maker,50,High,69.0,0.84,4.13,0%,0%,Photos & images to video,core,/notes/photos-to-video
app to make video with pictures and music free,50,Medium,40.0,0.76,3.14,0%,0%,Photos & images to video,core,/notes/photos-to-video
create video from still images,50,Medium,65.0,1.26,4.08,0%,0%,Photos & images to video,core,/notes/photos-to-video
best photo video maker,50,High,75.0,1.19,4.32,0%,0%,Photos & images to video,core,/notes/photos-to-video
best app to make videos with pictures and music free,50,High,83.0,0.82,2.39,0%,∞,Photos & images to video,core,/notes/photos-to-video
best photo to video maker app free,50,High,86.0,,,0%,0%,Photos & images to video,core,/notes/photos-to-video
online slideshow maker free,50,Medium,52.0,0.64,2.42,0%,0%,Photos & images to video,core,/notes/photos-to-video
photo video maker with music online,50,Low,17.0,,,0%,0%,Photos & images to video,core,/notes/photos-to-video
photo video maker app with song,50,Medium,58.0,0.66,2.04,0%,0%,Photos & images to video,core,/notes/photos-to-video
best photo video maker app with song,50,Low,14.0,,,0%,0%,Photos & images to video,core,/notes/photos-to-video
online video maker with photos and music,50,Low,17.0,,,0%,0%,Photos & images to video,core,/notes/photos-to-video
add video to photo,50,Low,17.0,0.21,3.11,0%,0%,Photos & images to video,core,/notes/photos-to-video
best video maker app with photos and songs,50,Unknown,,,,-100%,0%,Photos & images to video,core,/notes/photos-to-video
best video maker app with song and pictures,50,Unknown,,,,0%,0%,Photos & images to video,core,/notes/photos-to-video
app for making video of photos with song,50,Unknown,,,,-100%,-100%,Photos & images to video,core,/notes/photos-to-video
add photo to video online free,50,Low,12.0,,,0%,∞,Photos & images to video,core,/notes/photos-to-video
photo to video maker online with music,50,Unknown,,,,0%,-100%,Photos & images to video,core,/notes/photos-to-video
photo video maker with music app,50,Low,6.0,,,0%,0%,Photos & images to video,core,/notes/photos-to-video
photo song editor,50,Medium,64.0,,,0%,0%,Photos & images to video,core,/notes/photos-to-video
video maker app with song and pictures,50,Unknown,,,,0%,-100%,Photos & images to video,core,/notes/photos-to-video
best app for photo editing with song,50,Unknown,,,,0%,-100%,Photos & images to video,core,/notes/photos-to-video
add photo to video online,50,Low,19.0,,,0%,0%,Photos & images to video,core,/notes/photos-to-video
add photo to video online converter,50,Unknown,,,,0%,0%,Photos & images to video,core,/notes/photos-to-video
photo to video converter online,50,Low,17.0,0.79,2.44,0%,-90%,Photos & images to video,core,/notes/photos-to-video
photo song editor online,50,Unknown,,,,0%,0%,Photos & images to video,core,/notes/photos-to-video
photo video maker with song online,50,Medium,45.0,0.68,1.79,0%,0%,Photos & images to video,core,/notes/photos-to-video
photo video song,50,Low,11.0,0.95,2.05,0%,0%,Photos & images to video,core,/notes/photos-to-video
video making app with photos and music,50,High,73.0,0.66,2.23,0%,0%,Photos & images to video,core,/notes/photos-to-video
vidos photo music editor,50,Unknown,,,,0%,0%,Photos & images to video,core,/notes/photos-to-video
product video maker,500,High,67.0,3.28,13.14,0%,-90%,Product video & ecommerce,core,/notes/product-video-automation
ai product video generator,500,Medium,64.0,3.37,16.01,0%,0%,Product video & ecommerce,core,/notes/product-video-automation
ai product video,500,Medium,65.0,3.04,11.12,0%,0%,Product video & ecommerce,core,/notes/product-video-automation
product video generator,50,Medium,63.0,5.44,24.17,0%,0%,Product video & ecommerce,core,/notes/product-video-automation
text to video ai,50000,Low,27.0,1.09,4.1,0%,0%,"Text, script & article to video",core,/notes/text-to-video-ai
text to videos ai,50000,Low,27.0,1.09,4.1,0%,0%,"Text, script & article to video",core,/notes/text-to-video-ai
ai text to video,5000,Medium,56.0,1.04,4.32,0%,0%,"Text, script & article to video",core,/notes/text-to-video-ai
ai video generator from text,5000,Medium,58.0,1.21,6.29,0%,0%,"Text, script & article to video",core,/notes/text-to-video-ai
text to video ai free,5000,High,67.0,0.7,3.42,0%,0%,"Text, script & article to video",core,/notes/text-to-video-ai
text to video ai generator,5000,Medium,55.0,1.38,6.31,0%,0%,"Text, script & article to video",core,/notes/text-to-video-ai
text to video generator,5000,Low,9.0,1.09,5.47,0%,0%,"Text, script & article to video",core,/notes/text-to-video-ai
script to video ai,5000,Medium,64.0,1.34,9.15,0%,0%,"Text, script & article to video",core,/notes/text-to-video-ai
ai video generator from text free,5000,Medium,63.0,0.76,4.24,900%,0%,"Text, script & article to video",core,/notes/text-to-video-ai
ai text to video generator free,5000,Medium,62.0,0.7,3.31,0%,0%,"Text, script & article to video",core,/notes/text-to-video-ai
ai text to video generator,5000,Medium,42.0,1.16,5.48,0%,-90%,"Text, script & article to video",core,/notes/text-to-video-ai
text to video maker,5000,Low,9.0,1.09,5.47,0%,0%,"Text, script & article to video",core,/notes/text-to-video-ai
free text to video ai,5000,Medium,65.0,0.82,3.57,0%,0%,"Text, script & article to video",core,/notes/text-to-video-ai
free ai text to video generator,5000,Medium,59.0,0.8,3.65,0%,0%,"Text, script & article to video",core,/notes/text-to-video-ai
free ai video generator from text,5000,High,70.0,0.96,4.53,0%,0%,"Text, script & article to video",core,/notes/text-to-video-ai
free text to video ai generator,5000,High,68.0,1.01,4.53,0%,0%,"Text, script & article to video",core,/notes/text-to-video-ai
text to video creator,5000,Low,9.0,1.09,5.47,0%,0%,"Text, script & article to video",core,/notes/text-to-video-ai
text to video ai free online,5000,Medium,64.0,0.65,3.37,0%,-90%,"Text, script & article to video",core,/notes/text-to-video-ai
artificial intelligence text to video,5000,Medium,56.0,1.04,4.32,0%,0%,"Text, script & article to video",core,/notes/text-to-video-ai
ai generated video from text,500,High,71.0,1.98,7.57,0%,-90%,"Text, script & article to video",core,/notes/text-to-video-ai
create video from text,500,High,68.0,1.31,5.48,0%,0%,"Text, script & article to video",core,/notes/text-to-video-ai
text to video generator free,500,Medium,51.0,0.61,3.21,0%,0%,"Text, script & article to video",core,/notes/text-to-video-ai
best text to video ai,500,Medium,57.0,2.05,9.29,0%,-90%,"Text, script & article to video",core,/notes/text-to-video-ai
ai video from text,500,High,73.0,1.38,5.48,-90%,-90%,"Text, script & article to video",core,/notes/text-to-video-ai
ai generated videos from text,500,High,71.0,1.98,7.57,0%,-90%,"Text, script & article to video",core,/notes/text-to-video-ai
ai video maker from text,500,Medium,41.0,1.37,5.53,0%,-90%,"Text, script & article to video",core,/notes/text-to-video-ai
create ai video from text,500,High,80.0,1.56,6.23,0%,0%,"Text, script & article to video",core,/notes/text-to-video-ai
video generator from text,500,High,71.0,1.12,4.67,0%,-90%,"Text, script & article to video",core,/notes/text-to-video-ai
best ai text to video generator,500,High,69.0,2.05,9.25,0%,0%,"Text, script & article to video",core,/notes/text-to-video-ai
text to video generation,500,Low,3.0,1.41,7.75,900%,0%,"Text, script & article to video",core,/notes/text-to-video-ai
ai text to video free,500,Medium,55.0,0.54,2.83,0%,0%,"Text, script & article to video",core,/notes/text-to-video-ai
text to video ai generator free,500,Medium,61.0,1.31,5.52,0%,0%,"Text, script & article to video",core,/notes/text-to-video-ai
script to video generator,500,Medium,65.0,1.34,6.07,0%,0%,"Text, script & article to video",core,/notes/text-to-video-ai
generate ai video from text,500,High,69.0,1.43,6.67,0%,-90%,"Text, script & article to video",core,/notes/text-to-video-ai
text to video free ai,500,High,69.0,0.51,2.83,-90%,-90%,"Text, script & article to video",core,/notes/text-to-video-ai
free ai text to video,500,Medium,59.0,0.71,3.36,0%,0%,"Text, script & article to video",core,/notes/text-to-video-ai
free text to video generator,500,Medium,58.0,0.76,4.03,-90%,0%,"Text, script & article to video",core,/notes/text-to-video-ai
text to video ai tool,500,Medium,43.0,2.05,8.03,-90%,-90%,"Text, script & article to video",core,/notes/text-to-video-ai
make ai video from text,500,High,79.0,1.41,4.37,900%,0%,"Text, script & article to video",core,/notes/text-to-video-ai
ai video generator text to video,500,Medium,58.0,1.04,8.55,0%,0%,"Text, script & article to video",core,/notes/text-to-video-ai
generate videos from text,500,High,69.0,1.21,5.54,0%,0%,"Text, script & article to video",core,/notes/text-to-video-ai
create ai videos from text,500,High,80.0,1.56,6.23,0%,0%,"Text, script & article to video",core,/notes/text-to-video-ai
text to video ai tools,500,Medium,43.0,2.05,8.03,-90%,-90%,"Text, script & article to video",core,/notes/text-to-video-ai
ai video text to video,500,Medium,65.0,1.04,2.9,0%,-90%,"Text, script & article to video",core,/notes/text-to-video-ai
best free text to video ai,500,Medium,53.0,0.89,3.96,0%,0%,"Text, script & article to video",core,/notes/text-to-video-ai
best free ai text to video generator,500,Medium,62.0,0.79,4.54,0%,-90%,"Text, script & article to video",core,/notes/text-to-video-ai
ai create video from text,50,High,73.0,1.49,4.96,0%,-90%,"Text, script & article to video",core,/notes/text-to-video-ai
text to video generator ai,50,Medium,64.0,1.4,5.27,0%,-90%,"Text, script & article to video",core,/notes/text-to-video-ai
create video from text ai,50,High,80.0,1.14,4.7,0%,0%,"Text, script & article to video",core,/notes/text-to-video-ai
generate video from text ai,50,Medium,62.0,1.6,4.71,0%,0%,"Text, script & article to video",core,/notes/text-to-video-ai
ai that makes videos from text,50,High,71.0,1.97,9.55,0%,-90%,"Text, script & article to video",core,/notes/text-to-video-ai
ai to create video from text,50,High,76.0,1.76,7.1,0%,-90%,"Text, script & article to video",core,/notes/text-to-video-ai
ai make video from text,50,High,75.0,0.84,2.8,0%,0%,"Text, script & article to video",core,/notes/text-to-video-ai
ai video creator from text,50,High,77.0,1.69,9.7,0%,-90%,"Text, script & article to video",core,/notes/text-to-video-ai
ai that creates videos from text,50,High,81.0,2.17,7.39,0%,0%,"Text, script & article to video",core,/notes/text-to-video-ai
create videos from text with ai,50,High,85.0,2.04,8.57,0%,0%,"Text, script & article to video",core,/notes/text-to-video-ai
video from text ai,50,Medium,63.0,0.9,2.67,0%,0%,"Text, script & article to video",core,/notes/text-to-video-ai
video generation from text,50,Medium,38.0,2.01,6.18,0%,0%,"Text, script & article to video",core,/notes/text-to-video-ai
convert text to video ai,50,High,86.0,2.0,4.46,0%,0%,"Text, script & article to video",core,/notes/text-to-video-ai
ai that generates videos from text,50,Low,29.0,,,0%,0%,"Text, script & article to video",core,/notes/text-to-video-ai
google ai text to video,50,High,68.0,0.99,4.39,0%,0%,"Text, script & article to video",core,/notes/text-to-video-ai
ai to generate video from text,50,Medium,52.0,0.99,5.16,0%,0%,"Text, script & article to video",core,/notes/text-to-video-ai
text to video maker ai,50,High,71.0,,,0%,0%,"Text, script & article to video",core,/notes/text-to-video-ai
make video from text ai,50,High,71.0,,,0%,0%,"Text, script & article to video",core,/notes/text-to-video-ai
text to video synthesis,50,Unknown,,,,-100%,-100%,"Text, script & article to video",core,/notes/text-to-video-ai
google text to video ai,50,Medium,58.0,1.21,5.77,0%,-90%,"Text, script & article to video",core,/notes/text-to-video-ai
script to video maker ai,50,Medium,43.0,,,0%,0%,"Text, script & article to video",core,/notes/text-to-video-ai
text to video maker free,50,High,71.0,0.66,2.1,0%,0%,"Text, script & article to video",core,/notes/text-to-video-ai
create ai video from text free,50,High,80.0,0.99,3.95,0%,0%,"Text, script & article to video",core,/notes/text-to-video-ai
create video from text ai free,50,Medium,62.0,0.94,4.07,0%,0%,"Text, script & article to video",core,/notes/text-to-video-ai
text into video ai,50,High,74.0,0.92,6.35,0%,0%,"Text, script & article to video",core,/notes/text-to-video-ai
text to video ai software,50,Low,8.0,1.5,18.09,0%,0%,"Text, script & article to video",core,/notes/text-to-video-ai
ai text to video creator,50,High,78.0,1.22,3.13,0%,0%,"Text, script & article to video",core,/notes/text-to-video-ai
ai tool to create video from text,50,High,72.0,2.0,10.07,0%,0%,"Text, script & article to video",core,/notes/text-to-video-ai
meta text to video,50,High,71.0,1.12,4.5,0%,0%,"Text, script & article to video",core,/notes/text-to-video-ai
from text to video ai,50,High,81.0,0.82,3.57,0%,0%,"Text, script & article to video",core,/notes/text-to-video-ai
text2video ai,50,Low,6.0,,,0%,0%,"Text, script & article to video",core,/notes/text-to-video-ai
ai text to video maker,50,High,76.0,1.23,9.69,0%,0%,"Text, script & article to video",core,/notes/text-to-video-ai
ai generated video from text free,50,High,69.0,0.8,7.28,0%,0%,"Text, script & article to video",core,/notes/text-to-video-ai
best ai text to video,50,High,77.0,2.24,8.31,0%,0%,"Text, script & article to video",core,/notes/text-to-video-ai
ai for text to video,50,Medium,46.0,0.97,26.05,0%,0%,"Text, script & article to video",core,/notes/text-to-video-ai
ai generated text to video,50,Medium,53.0,1.45,5.12,0%,0%,"Text, script & article to video",core,/notes/text-to-video-ai
ai makes video from text,50,High,75.0,0.84,2.8,0%,0%,"Text, script & article to video",core,/notes/text-to-video-ai
ai that creates video from text,50,High,81.0,2.17,7.39,0%,0%,"Text, script & article to video",core,/notes/text-to-video-ai
text to video ai google,50,High,81.0,0.3,5.94,0%,0%,"Text, script & article to video",core,/notes/text-to-video-ai
ai tool text to video,50,Low,0.0,,,0%,0%,"Text, script & article to video",core,/notes/text-to-video-ai
auto create video from text,50,Unknown,,,,0%,-100%,"Text, script & article to video",core,/notes/text-to-video-ai
make a video from text ai,50,High,86.0,,,0%,0%,"Text, script & article to video",core,/notes/text-to-video-ai
text to video ai app,50,Medium,45.0,1.71,5.17,0%,-90%,"Text, script & article to video",core,/notes/text-to-video-ai
text to video with ai,50,High,82.0,1.37,7.05,0%,0%,"Text, script & article to video",core,/notes/text-to-video-ai
text to video ai online,50,Low,17.0,,,0%,0%,"Text, script & article to video",core,/notes/text-to-video-ai
create video from text free,50,Medium,63.0,0.64,3.62,0%,0%,"Text, script & article to video",core,/notes/text-to-video-ai
text to video maker ai free,50,High,86.0,0.29,2.34,0%,0%,"Text, script & article to video",core,/notes/text-to-video-ai
ai tool for text to video,50,Medium,43.0,1.26,13.12,0%,0%,"Text, script & article to video",core,/notes/text-to-video-ai
text to video using ai,50,High,81.0,0.89,3.76,0%,0%,"Text, script & article to video",core,/notes/text-to-video-ai
text to video maker online free,50,Unknown,,,,0%,-100%,"Text, script & article to video",core,/notes/text-to-video-ai
free text to video generator ai,50,High,76.0,0.97,3.53,0%,0%,"Text, script & article to video",core,/notes/text-to-video-ai
make a video text to video generation,50,Medium,36.0,,,∞,0%,"Text, script & article to video",core,/notes/text-to-video-ai
text to video meta,50,Unknown,,,,-100%,0%,"Text, script & article to video",core,/notes/text-to-video-ai
stable diffusion text to video,50,Low,14.0,,,0%,0%,"Text, script & article to video",core,/notes/text-to-video-ai
text to video ai open source,50,Low,21.0,,,0%,0%,"Text, script & article to video",core,/notes/text-to-video-ai
text to video generation ai,50,Medium,59.0,1.81,5.21,0%,-90%,"Text, script & article to video",core,/notes/text-to-video-ai
meta text to video ai,50,Medium,62.0,,,∞,0%,"Text, script & article to video",core,/notes/text-to-video-ai
text to video ai maker,50,High,86.0,1.25,3.45,0%,0%,"Text, script & article to video",core,/notes/text-to-video-ai
text to video ai meta,50,Unknown,,,,0%,0%,"Text, script & article to video",core,/notes/text-to-video-ai
text to video online ai,50,High,86.0,,,∞,0%,"Text, script & article to video",core,/notes/text-to-video-ai
text to video google ai,50,High,86.0,,,0%,0%,"Text, script & article to video",core,/notes/text-to-video-ai
free text to video maker ai,50,Medium,66.0,0.53,2.61,0%,0%,"Text, script & article to video",core,/notes/text-to-video-ai
dall e text to video,50,High,86.0,,,∞,0%,"Text, script & article to video",core,/notes/text-to-video-ai
klappz ai text to video,50,Unknown,,,,0%,0%,"Text, script & article to video",core,/notes/text-to-video-ai
meta text to video generator,50,Unknown,,,,0%,-100%,"Text, script & article to video",core,/notes/text-to-video-ai
open source ai text to video,50,Medium,43.0,,,0%,0%,"Text, script & article to video",core,/notes/text-to-video-ai
text to video diffusion,50,Low,0.0,,,∞,0%,"Text, script & article to video",core,/notes/text-to-video-ai
text to video stable diffusion,50,Low,3.0,,,0%,0%,"Text, script & article to video",core,/notes/text-to-video-ai
create professional ai videos from text,0,Unknown,,,,0%,0%,"Text, script & article to video",core,/notes/text-to-video-ai
film maker,50000,Low,5.0,1.64,9.72,0%,0%,Generic video editors & makers,exclude,(not targeted)
online movie editor,50000,Low,23.0,0.32,2.02,0%,0%,Generic video editors & makers,exclude,(not targeted)
ani maker,50000,Medium,44.0,0.3,3.78,0%,0%,Generic video editors & makers,exclude,(not targeted)
make videos,5000,Low,24.0,0.81,3.24,0%,0%,Generic video editors & makers,exclude,(not targeted)
video creator,5000,Medium,59.0,0.98,5.23,0%,0%,Generic video editors & makers,exclude,(not targeted)
video maker free,5000,Medium,57.0,0.63,3.02,0%,0%,Generic video editors & makers,exclude,(not targeted)
video maker app,5000,Medium,60.0,0.73,2.92,0%,0%,Generic video editors & makers,exclude,(not targeted)
movie editor,5000,Low,29.0,0.9,4.3,0%,0%,Generic video editors & makers,exclude,(not targeted)
video maker online free,5000,Medium,45.0,0.5,2.65,0%,0%,Generic video editors & makers,exclude,(not targeted)
video creator app,5000,Medium,60.0,0.73,2.92,0%,0%,Generic video editors & makers,exclude,(not targeted)
free video maker app,5000,Medium,64.0,0.62,2.11,-90%,-90%,Generic video editors & makers,exclude,(not targeted)
free video maker with music,5000,Medium,64.0,0.69,3.05,0%,0%,Generic video editors & makers,exclude,(not targeted)
video clip editor,5000,Medium,40.0,0.7,3.4,0%,-90%,Generic video editors & makers,exclude,(not targeted)
video creator with music,5000,Medium,57.0,0.98,5.59,0%,0%,Generic video editors & makers,exclude,(not targeted)
edit maker,5000,Medium,40.0,0.45,2.05,0%,0%,Generic video editors & makers,exclude,(not targeted)
video audio editor,5000,Medium,38.0,0.76,3.3,0%,0%,Generic video editors & makers,exclude,(not targeted)
google video maker,5000,Medium,51.0,1.13,5.03,0%,0%,Generic video editors & makers,exclude,(not targeted)
video and audio editor,5000,Medium,38.0,0.76,3.3,0%,0%,Generic video editors & makers,exclude,(not targeted)
free video creator app,5000,Medium,64.0,0.62,2.11,-90%,-90%,Generic video editors & makers,exclude,(not targeted)
free video creator online,5000,Medium,45.0,0.5,2.65,0%,0%,Generic video editors & makers,exclude,(not targeted)
low quality video maker,5000,Low,1.0,0.72,3.17,0%,0%,Generic video editors & makers,exclude,(not targeted)
video maker online,500,Medium,36.0,0.56,2.97,0%,0%,Generic video editors & makers,exclude,(not targeted)
video creator free,500,High,71.0,0.91,3.83,0%,0%,Generic video editors & makers,exclude,(not targeted)
easy video maker,500,Medium,59.0,0.91,4.33,0%,0%,Generic video editors & makers,exclude,(not targeted)
video content creator,500,Medium,53.0,1.89,8.0,0%,0%,Generic video editors & makers,exclude,(not targeted)
whiteboard video maker,500,Medium,56.0,2.27,15.19,0%,0%,Generic video editors & makers,exclude,(not targeted)
video montage maker,500,Medium,65.0,0.87,3.74,0%,0%,Generic video editors & makers,exclude,(not targeted)
free movie editor,500,Medium,62.0,0.95,3.41,0%,0%,Generic video editors & makers,exclude,(not targeted)
best video maker app,500,Medium,62.0,1.0,3.57,0%,0%,Generic video editors & makers,exclude,(not targeted)
memorial video maker,500,High,73.0,1.1,4.35,0%,0%,Generic video editors & makers,exclude,(not targeted)
vimeo create,500,Low,25.0,1.27,5.33,0%,0%,Generic video editors & makers,exclude,(not targeted)
animoto video maker,500,Low,30.0,1.2,4.39,0%,-90%,Generic video editors & makers,exclude,(not targeted)
best video maker,500,Medium,63.0,1.26,6.52,0%,0%,Generic video editors & makers,exclude,(not targeted)
windows video maker,500,Low,27.0,0.81,3.77,0%,0%,Generic video editors & makers,exclude,(not targeted)
make your own video,500,Medium,38.0,0.75,3.21,0%,0%,Generic video editors & makers,exclude,(not targeted)
movie creator,500,Low,28.0,0.75,3.39,0%,0%,Generic video editors & makers,exclude,(not targeted)
montage maker,500,Medium,45.0,0.59,2.28,0%,0%,Generic video editors & makers,exclude,(not targeted)
highlight video maker,500,Medium,59.0,0.82,3.12,0%,0%,Generic video editors & makers,exclude,(not targeted)
best video creator app,500,Medium,62.0,1.0,3.57,0%,0%,Generic video editors & makers,exclude,(not targeted)
create a link for a video,500,Medium,34.0,0.67,2.89,0%,0%,Generic video editors & makers,exclude,(not targeted)
video link maker,500,Low,17.0,0.67,2.73,0%,0%,Generic video editors & makers,exclude,(not targeted)
make a video with text,500,High,68.0,1.31,5.48,0%,0%,Generic video editors & makers,exclude,(not targeted)
create link for video,500,Low,30.0,0.98,3.06,-90%,-90%,Generic video editors & makers,exclude,(not targeted)
filmigo,500,Low,7.0,0.14,1.37,0%,0%,Generic video editors & makers,exclude,(not targeted)
apps to make videos with music,500,Medium,61.0,0.93,3.37,0%,0%,Generic video editors & makers,exclude,(not targeted)
doodlemaker,500,Low,29.0,0.62,3.82,0%,0%,Generic video editors & makers,exclude,(not targeted)
edit my video,500,Medium,36.0,0.74,3.21,0%,0%,Generic video editors & makers,exclude,(not targeted)
best free video maker,500,Medium,65.0,0.71,2.93,0%,0%,Generic video editors & makers,exclude,(not targeted)
video sound editor,500,Medium,47.0,0.66,2.46,0%,0%,Generic video editors & makers,exclude,(not targeted)
video speed editor,500,Low,13.0,0.15,1.51,0%,0%,Generic video editors & makers,exclude,(not targeted)
free video montage maker,500,Medium,63.0,0.88,3.44,0%,0%,Generic video editors & makers,exclude,(not targeted)
best video creator,500,Medium,63.0,1.26,6.52,0%,0%,Generic video editors & makers,exclude,(not targeted)
best way to edit videos,500,Medium,52.0,1.14,3.89,0%,0%,Generic video editors & makers,exclude,(not targeted)
makewebvideo,500,Low,27.0,1.61,9.01,900%,0%,Generic video editors & makers,exclude,(not targeted)
make video clearer,500,Medium,53.0,0.5,1.89,0%,0%,Generic video editors & makers,exclude,(not targeted)
make video quality better,500,Medium,47.0,0.32,1.79,0%,0%,Generic video editors & makers,exclude,(not targeted)
free movie editor online,500,Medium,52.0,0.52,2.33,0%,0%,Generic video editors & makers,exclude,(not targeted)
video background editor,500,Medium,41.0,0.69,2.21,0%,0%,Generic video editors & makers,exclude,(not targeted)
video thumbnail maker,500,Low,18.0,0.83,3.74,0%,0%,Generic video editors & makers,exclude,(not targeted)
time lapse video maker,500,Medium,43.0,0.34,1.79,0%,0%,Generic video editors & makers,exclude,(not targeted)
timelapse maker,500,Low,22.0,0.43,1.79,0%,0%,Generic video editors & makers,exclude,(not targeted)
video maker and editor,500,Medium,38.0,0.76,3.7,0%,0%,Generic video editors & makers,exclude,(not targeted)
video link creator,500,Low,17.0,0.67,2.73,0%,0%,Generic video editors & makers,exclude,(not targeted)
best free video maker app,500,High,69.0,0.67,2.12,0%,0%,Generic video editors & makers,exclude,(not targeted)
make video higher quality,500,Medium,43.0,0.31,1.91,0%,0%,Generic video editors & makers,exclude,(not targeted)
stop motion video maker,500,Low,17.0,0.42,2.07,0%,0%,Generic video editors & makers,exclude,(not targeted)
make boomerang from video,500,Low,21.0,0.3,1.57,0%,-90%,Generic video editors & makers,exclude,(not targeted)
make video hd,500,Medium,38.0,0.36,1.64,0%,0%,Generic video editors & makers,exclude,(not targeted)
free montage maker,500,Medium,56.0,0.52,1.96,0%,0%,Generic video editors & makers,exclude,(not targeted)
make video 4k,500,Low,33.0,0.31,1.79,0%,0%,Generic video editors & makers,exclude,(not targeted)
montage creator,500,Medium,46.0,0.6,2.38,0%,0%,Generic video editors & makers,exclude,(not targeted)
movie creator app,500,Medium,34.0,0.81,3.02,900%,0%,Generic video editors & makers,exclude,(not targeted)
best free movie editor,500,Medium,54.0,1.14,3.91,0%,-90%,Generic video editors & makers,exclude,(not targeted)
create boomerang from video,500,Low,21.0,0.3,1.57,0%,-90%,Generic video editors & makers,exclude,(not targeted)
karaoke video maker,500,Medium,34.0,0.58,2.35,0%,0%,Generic video editors & makers,exclude,(not targeted)
make video faster,500,Low,19.0,0.11,1.71,0%,0%,Generic video editors & makers,exclude,(not targeted)
4k video maker,500,Low,25.0,0.35,1.91,0%,0%,Generic video editors & makers,exclude,(not targeted)
split screen video maker,500,Low,19.0,0.43,1.38,0%,0%,Generic video editors & makers,exclude,(not targeted)
clip creator,500,Medium,58.0,0.66,3.61,0%,0%,Generic video editors & makers,exclude,(not targeted)
make video transparent,500,Low,17.0,0.15,1.18,0%,0%,Generic video editors & makers,exclude,(not targeted)
facebook video maker,500,Medium,63.0,1.02,4.57,0%,-90%,Generic video editors & makers,exclude,(not targeted)
boomerang maker,500,Low,5.0,0.16,0.88,0%,0%,Generic video editors & makers,exclude,(not targeted)
time lapse creator,500,Low,22.0,0.43,1.79,0%,0%,Generic video editors & makers,exclude,(not targeted)
make video longer,500,Low,15.0,0.63,2.05,0%,0%,Generic video editors & makers,exclude,(not targeted)
karaoke video creator,500,Medium,34.0,0.58,2.35,0%,0%,Generic video editors & makers,exclude,(not targeted)
amv maker,500,Low,30.0,0.8,2.86,900%,0%,Generic video editors & makers,exclude,(not targeted)
apps to make edits,500,Low,24.0,0.54,1.8,0%,0%,Generic video editors & makers,exclude,(not targeted)
boomerang video maker,500,Low,10.0,0.27,1.23,0%,0%,Generic video editors & makers,exclude,(not targeted)
video maker with song,500,Medium,51.0,0.7,3.53,0%,0%,Generic video editors & makers,exclude,(not targeted)
make video into boomerang,500,Low,17.0,0.23,1.37,0%,0%,Generic video editors & makers,exclude,(not targeted)
funny video maker,500,Low,12.0,0.65,2.05,0%,0%,Generic video editors & makers,exclude,(not targeted)
audio visualizer maker,500,Low,10.0,0.73,2.73,0%,0%,Generic video editors & makers,exclude,(not targeted)
hd video maker,500,Low,31.0,0.3,1.49,0%,0%,Generic video editors & makers,exclude,(not targeted)
media maker,500,Low,5.0,0.25,2.66,0%,0%,Generic video editors & makers,exclude,(not targeted)
create video website,500,Medium,47.0,1.06,4.3,0%,0%,Generic video editors & makers,exclude,(not targeted)
4k maker,500,Low,22.0,0.11,2.28,0%,0%,Generic video editors & makers,exclude,(not targeted)
online video audio editor,500,Low,33.0,0.49,2.91,0%,0%,Generic video editors & makers,exclude,(not targeted)
logo video creator,500,Medium,55.0,1.11,5.09,0%,-90%,Generic video editors & makers,exclude,(not targeted)
visualization video maker,500,Low,20.0,0.78,4.31,900%,0%,Generic video editors & makers,exclude,(not targeted)
video maker pro,500,Medium,37.0,0.85,3.57,0%,0%,Generic video editors & makers,exclude,(not targeted)
kinetic typography maker,500,Low,31.0,0.72,2.73,0%,0%,Generic video editors & makers,exclude,(not targeted)
reverse video maker,500,Low,5.0,0.43,1.49,0%,0%,Generic video editors & makers,exclude,(not targeted)
make video low quality,500,Low,1.0,0.01,0.48,900%,900%,Generic video editors & makers,exclude,(not targeted)
make video louder,500,Low,3.0,0.66,2.18,0%,0%,Generic video editors & makers,exclude,(not targeted)
fake breaking news video maker online,500,Low,0.0,,,-90%,0%,Generic video editors & makers,exclude,(not targeted)
fake news maker video,500,Low,24.0,0.55,1.71,0%,0%,Generic video editors & makers,exclude,(not targeted)
interactive video maker,50,Low,31.0,3.51,18.64,0%,-90%,Generic video editors & makers,exclude,(not targeted)
video creator online,50,Medium,58.0,0.74,4.11,0%,-90%,Generic video editors & makers,exclude,(not targeted)
vimeo video maker,50,Low,26.0,1.73,9.61,0%,0%,Generic video editors & makers,exclude,(not targeted)
best video maker online,50,Medium,59.0,2.05,6.66,0%,0%,Generic video editors & makers,exclude,(not targeted)
logo video maker,50,Medium,53.0,0.84,5.08,0%,0%,Generic video editors & makers,exclude,(not targeted)
sports highlight video maker,50,Medium,61.0,1.19,8.94,0%,0%,Generic video editors & makers,exclude,(not targeted)
professional video maker,50,High,71.0,2.44,6.61,0%,0%,Generic video editors & makers,exclude,(not targeted)
whiteboard video maker free,50,High,67.0,1.8,9.29,0%,0%,Generic video editors & makers,exclude,(not targeted)
graphic video maker,50,High,80.0,1.63,7.14,0%,0%,Generic video editors & makers,exclude,(not targeted)
anniversary video maker,50,Medium,49.0,0.58,2.33,0%,0%,Generic video editors & makers,exclude,(not targeted)
memory video maker,50,Medium,64.0,0.75,3.82,0%,0%,Generic video editors & makers,exclude,(not targeted)
best memorial video maker,50,High,75.0,1.02,4.05,0%,-90%,Generic video editors & makers,exclude,(not targeted)
quick video maker,50,Medium,58.0,0.97,4.52,0%,-90%,Generic video editors & makers,exclude,(not targeted)
video maker online with music and effects free,50,Medium,57.0,,,0%,0%,Generic video editors & makers,exclude,(not targeted)
simple video maker,50,Medium,38.0,1.46,4.61,0%,0%,Generic video editors & makers,exclude,(not targeted)
best movie editor,50,Medium,35.0,1.23,6.52,0%,0%,Generic video editors & makers,exclude,(not targeted)
create vtt file,50,Low,28.0,0.53,2.57,0%,-90%,Generic video editors & makers,exclude,(not targeted)
create motion graphics online free,50,Medium,57.0,0.52,3.03,0%,0%,Generic video editors & makers,exclude,(not targeted)
wix video maker,50,Low,25.0,3.88,6.49,0%,0%,Generic video editors & makers,exclude,(not targeted)
camtasia edit video,50,Low,24.0,,,0%,0%,Generic video editors & makers,exclude,(not targeted)
christmas video maker,50,Low,9.0,,,0%,0%,Generic video editors & makers,exclude,(not targeted)
best way to edit gopro videos,50,Low,28.0,1.43,3.71,0%,-90%,Generic video editors & makers,exclude,(not targeted)
create video from script,50,High,71.0,2.88,13.39,0%,0%,Generic video editors & makers,exclude,(not targeted)
flexclip video maker,50,Low,32.0,0.72,2.77,900%,0%,Generic video editors & makers,exclude,(not targeted)
text to speech video maker free,50,Medium,34.0,0.42,1.62,0%,0%,Generic video editors & makers,exclude,(not targeted)
create link for video online free,50,Unknown,,,,-100%,-100%,Generic video editors & makers,exclude,(not targeted)
teaser video maker,50,High,72.0,0.75,2.78,0%,0%,Generic video editors & makers,exclude,(not targeted)
videomakerfx,50,Low,14.0,1.79,8.56,0%,0%,Generic video editors & makers,exclude,(not targeted)
create embed code for video,50,Low,15.0,,,0%,0%,Generic video editors & makers,exclude,(not targeted)
typography video maker,50,Medium,67.0,1.49,4.11,0%,0%,Generic video editors & makers,exclude,(not targeted)
fancam maker,50,Low,5.0,,,0%,-90%,Generic video editors & makers,exclude,(not targeted)
vivo video maker,50,Medium,57.0,,,0%,0%,Generic video editors & makers,exclude,(not targeted)
handwriting video maker,50,Medium,43.0,,,0%,0%,Generic video editors & makers,exclude,(not targeted)
video title maker,50,Medium,35.0,1.03,2.21,0%,0%,Generic video editors & makers,exclude,(not targeted)
motion video maker,50,Low,24.0,0.46,2.07,0%,0%,Generic video editors & makers,exclude,(not targeted)
ezvid video maker,50,Low,0.0,,,0%,0%,Generic video editors & makers,exclude,(not targeted)
vlog maker,50,Medium,42.0,0.59,2.12,0%,0%,Generic video editors & makers,exclude,(not targeted)
the best video maker app,50,High,79.0,1.12,3.24,0%,0%,Generic video editors & makers,exclude,(not targeted)
video cut editor,50,Low,27.0,0.24,1.51,0%,-90%,Generic video editors & makers,exclude,(not targeted)
comparison video maker,50,Low,0.0,,,0%,0%,Generic video editors & makers,exclude,(not targeted)
windows 11 movie editor,50,Low,30.0,1.8,6.22,0%,0%,Generic video editors & makers,exclude,(not targeted)
magic video maker,50,Low,9.0,,,0%,0%,Generic video editors & makers,exclude,(not targeted)
edit video with song,50,Medium,54.0,0.62,1.61,0%,0%,Generic video editors & makers,exclude,(not targeted)
logo reveal video maker,50,High,86.0,,,0%,0%,Generic video editors & makers,exclude,(not targeted)
audio to video maker online,50,Unknown,,,,-100%,0%,Generic video editors & makers,exclude,(not targeted)
online montage maker,50,Medium,35.0,,,0%,0%,Generic video editors & makers,exclude,(not targeted)
text to speech video maker online,50,High,86.0,,,∞,0%,Generic video editors & makers,exclude,(not targeted)
vtt file creator,50,Low,33.0,0.91,6.87,0%,0%,Generic video editors & makers,exclude,(not targeted)
crazy video maker 2,50,Low,9.0,1.04,2.28,0%,0%,Generic video editors & makers,exclude,(not targeted)
viva video maker,50,Unknown,,,,-100%,-100%,Generic video editors & makers,exclude,(not targeted)
breaking news video maker,50,Low,21.0,0.71,1.84,0%,0%,Generic video editors & makers,exclude,(not targeted)
create waveform video from audio,50,High,68.0,1.33,3.88,0%,0%,Generic video editors & makers,exclude,(not targeted)
text to speech video creator,50,Medium,56.0,0.93,4.32,0%,-90%,Generic video editors & makers,exclude,(not targeted)
video grid maker,50,Low,24.0,0.48,1.54,0%,0%,Generic video editors & makers,exclude,(not targeted)
link maker for video,50,Low,31.0,0.57,2.27,-90%,0%,Generic video editors & makers,exclude,(not targeted)
mockup video maker,50,Medium,54.0,,,0%,0%,Generic video editors & makers,exclude,(not targeted)
filmigo video maker,50,Low,0.0,,,0%,0%,Generic video editors & makers,exclude,(not targeted)
video maker fx,50,Low,19.0,,,0%,0%,Generic video editors & makers,exclude,(not targeted)
quick video maker app,50,Unknown,,,,-100%,-100%,Generic video editors & makers,exclude,(not targeted)
hologram video maker,50,Low,22.0,0.83,5.85,0%,0%,Generic video editors & makers,exclude,(not targeted)
edit video online free with music,50,Unknown,,,,-100%,-100%,Generic video editors & makers,exclude,(not targeted)
valentine video maker,50,Low,0.0,,,0%,0%,Generic video editors & makers,exclude,(not targeted)
video link creator free,50,Low,21.0,,,0%,∞,Generic video editors & makers,exclude,(not targeted)
online video maker with song,50,Low,14.0,,,0%,0%,Generic video editors & makers,exclude,(not targeted)
auto create video,50,Medium,65.0,1.55,6.45,0%,0%,Generic video editors & makers,exclude,(not targeted)
happy anniversary video maker,50,Medium,36.0,,,0%,0%,Generic video editors & makers,exclude,(not targeted)
best video title maker,50,Medium,62.0,,,∞,0%,Generic video editors & makers,exclude,(not targeted)
video title creator,50,Medium,35.0,1.03,2.21,0%,0%,Generic video editors & makers,exclude,(not targeted)
logo reveal video maker free,50,Low,0.0,,,0%,0%,Generic video editors & makers,exclude,(not targeted)
video to link maker,50,Low,26.0,0.27,1.45,0%,0%,Generic video editors & makers,exclude,(not targeted)
online video logo maker,50,Medium,57.0,,,∞,0%,Generic video editors & makers,exclude,(not targeted)
movie make online,50,Medium,48.0,,,0%,0%,Generic video editors & makers,exclude,(not targeted)
free deep fake maker,50,Low,14.0,0.32,1.68,0%,0%,Generic video editors & makers,exclude,(not targeted)
make a video with text meta,50,Unknown,,,,0%,0%,Generic video editors & makers,exclude,(not targeted)
filmigo video,50,Low,0.0,,,0%,0%,Generic video editors & makers,exclude,(not targeted)
vfx online editor free,50,Low,0.0,,,0%,0%,Generic video editors & makers,exclude,(not targeted)
video title maker online,50,Unknown,,,,-100%,-100%,Generic video editors & makers,exclude,(not targeted)
logo to video maker,50,High,79.0,,,0%,0%,Generic video editors & makers,exclude,(not targeted)
mockup video creator,50,Low,10.0,,,0%,∞,Generic video editors & makers,exclude,(not targeted)
love video maker,50,Low,4.0,,,0%,0%,Generic video editors & makers,exclude,(not targeted)
create video by text,50,High,86.0,,,0%,0%,Generic video editors & makers,exclude,(not targeted)
online logo video maker,50,Unknown,,,,-100%,-100%,Generic video editors & makers,exclude,(not targeted)
video cut online editor,50,Unknown,,,,-100%,0%,Generic video editors & makers,exclude,(not targeted)
online anniversary video maker,50,Low,0.0,,,0%,0%,Generic video editors & makers,exclude,(not targeted)
free logo reveal video maker,50,High,75.0,1.18,7.03,0%,0%,Generic video editors & makers,exclude,(not targeted)
free video link maker,50,Low,17.0,,,0%,0%,Generic video editors & makers,exclude,(not targeted)
edit video online google,50,Low,7.0,,,0%,0%,Generic video editors & makers,exclude,(not targeted)
create embed link for video,50,Low,32.0,,,0%,0%,Generic video editors & makers,exclude,(not targeted)
free make video converter,50,Low,0.0,,,0%,0%,Generic video editors & makers,exclude,(not targeted)
random video maker,50,Low,5.0,,,0%,0%,Generic video editors & makers,exclude,(not targeted)
clipvue,50,Low,0.0,,,0%,0%,Generic video editors & makers,exclude,(not targeted)
create video title online free,50,High,79.0,,,0%,0%,Generic video editors & makers,exclude,(not targeted)
video hd maker online,50,Unknown,,,,0%,-100%,Generic video editors & makers,exclude,(not targeted)
boomerang maker online,50,Low,0.0,,,0%,0%,Generic video editors & makers,exclude,(not targeted)
soundwave video maker,50,Low,0.0,,,0%,0%,Generic video editors & makers,exclude,(not targeted)
video show editor,50,Low,3.0,,,0%,0%,Generic video editors & makers,exclude,(not targeted)
anniversary video maker with song,50,High,71.0,,,0%,0%,Generic video editors & makers,exclude,(not targeted)
create waveform video from audio free,50,Unknown,,,,0%,-100%,Generic video editors & makers,exclude,(not targeted)
video logo maker free without watermark,50,Low,29.0,,,∞,0%,Generic video editors & makers,exclude,(not targeted)
online boomerang maker,50,Low,0.0,,,0%,0%,Generic video editors & makers,exclude,(not targeted)
anniversary video maker online,50,Medium,43.0,,,∞,0%,Generic video editors & makers,exclude,(not targeted)
background edit video,50,Low,20.0,,,0%,0%,Generic video editors & makers,exclude,(not targeted)
boo video maker,50,Low,0.0,,,0%,0%,Generic video editors & makers,exclude,(not targeted)
discord video link maker,50,Low,5.0,,,0%,0%,Generic video editors & makers,exclude,(not targeted)
fake video creator,50,Low,18.0,0.89,5.02,0%,0%,Generic video editors & makers,exclude,(not targeted)
font video maker,50,Unknown,,,,-100%,-100%,Generic video editors & makers,exclude,(not targeted)
free video logo maker online without watermark,50,Unknown,,,,-100%,0%,Generic video editors & makers,exclude,(not targeted)
kinetic typography maker online,50,Unknown,,,,-100%,-100%,Generic video editors & makers,exclude,(not targeted)
logo video maker online free,50,High,86.0,,,0%,0%,Generic video editors & makers,exclude,(not targeted)
make a video metaai,50,Medium,40.0,,,0%,0%,Generic video editors & makers,exclude,(not targeted)
make deep fake free,50,Medium,36.0,,,0%,0%,Generic video editors & makers,exclude,(not targeted)
metaai make a video,50,Medium,41.0,0.89,5.1,0%,0%,Generic video editors & makers,exclude,(not targeted)
online video text maker,50,Medium,38.0,,,0%,0%,Generic video editors & makers,exclude,(not targeted)
online video title maker free,50,High,79.0,,,0%,0%,Generic video editors & makers,exclude,(not targeted)
random video creator,50,Low,5.0,,,0%,0%,Generic video editors & makers,exclude,(not targeted)
video link creator free online,50,Unknown,,,,-100%,0%,Generic video editors & makers,exclude,(not targeted)
video sticker maker online,50,Unknown,,,,-100%,-100%,Generic video editors & makers,exclude,(not targeted)
video title creator online free,50,Unknown,,,,0%,0%,Generic video editors & makers,exclude,(not targeted)
video title maker free,50,Medium,55.0,0.7,2.42,0%,0%,Generic video editors & makers,exclude,(not targeted)
viva video maker app,50,Low,12.0,,,0%,0%,Generic video editors & makers,exclude,(not targeted)
vsl creator free,50,High,86.0,,,∞,0%,Generic video editors & makers,exclude,(not targeted)
logo launch video maker,0,Unknown,,,,0%,0%,Generic video editors & makers,exclude,(not targeted)
meta make a video with text,0,Unknown,,,,0%,0%,Generic video editors & makers,exclude,(not targeted)
ai avatar video generator,500,Medium,61.0,1.97,9.23,-90%,0%,Off-topic: AI avatars & presenters,exclude,(not targeted)
colossyan creator,500,Medium,50.0,3.64,23.57,0%,-90%,Off-topic: AI avatars & presenters,exclude,(not targeted)
synthesia avatar,500,Low,27.0,0.66,4.46,0%,0%,Off-topic: AI avatars & presenters,exclude,(not targeted)
colossyan ai,500,Medium,53.0,2.53,17.27,0%,0%,Off-topic: AI avatars & presenters,exclude,(not targeted)
ai video avatar,500,Medium,52.0,1.35,6.41,0%,0%,Off-topic: AI avatars & presenters,exclude,(not targeted)
ai avatar video,500,Medium,46.0,1.34,5.66,0%,0%,Off-topic: AI avatars & presenters,exclude,(not targeted)
ai avatar video generator free,500,Medium,62.0,0.9,4.01,0%,0%,Off-topic: AI avatars & presenters,exclude,(not targeted)
free ai avatar video generator,500,Low,31.0,0.94,3.22,0%,0%,Off-topic: AI avatars & presenters,exclude,(not targeted)
synthesia ai avatar,500,Low,2.0,0.67,4.42,900%,900%,Off-topic: AI avatars & presenters,exclude,(not targeted)
avatar video creator,500,Medium,60.0,1.76,9.07,0%,-90%,Off-topic: AI avatars & presenters,exclude,(not targeted)
ai avatar for videos,500,Medium,58.0,1.54,7.93,0%,-90%,Off-topic: AI avatars & presenters,exclude,(not targeted)
ai video avatars,500,Medium,52.0,1.35,6.41,0%,0%,Off-topic: AI avatars & presenters,exclude,(not targeted)
ai avatar videos,500,Medium,46.0,1.34,5.66,0%,0%,Off-topic: AI avatars & presenters,exclude,(not targeted)
ai video presenter,50,Low,29.0,3.56,16.85,0%,0%,Off-topic: AI avatars & presenters,exclude,(not targeted)
ai spokesperson video creator,50,High,76.0,3.0,14.53,0%,0%,Off-topic: AI avatars & presenters,exclude,(not targeted)
video avatar ai,50,High,71.0,1.46,6.67,0%,-90%,Off-topic: AI avatars & presenters,exclude,(not targeted)
ai spokesperson video creator free,50,High,86.0,,,0%,0%,Off-topic: AI avatars & presenters,exclude,(not targeted)
ai video avatar generator,50,Medium,49.0,1.62,7.82,0%,0%,Off-topic: AI avatars & presenters,exclude,(not targeted)
ai presenter video,50,Medium,37.0,3.72,21.9,0%,0%,Off-topic: AI avatars & presenters,exclude,(not targeted)
ai video spokesperson,50,Medium,43.0,,,0%,0%,Off-topic: AI avatars & presenters,exclude,(not targeted)
ai spokesperson video generator,50,Low,0.0,,,0%,0%,Off-topic: AI avatars & presenters,exclude,(not targeted)
create ai avatar video,50,High,85.0,1.86,9.3,0%,0%,Off-topic: AI avatars & presenters,exclude,(not targeted)
colossyan pricing,50,Medium,48.0,6.09,23.75,0%,-90%,Off-topic: AI avatars & presenters,exclude,(not targeted)
avatar synthesia,50,Medium,60.0,0.7,4.48,0%,0%,Off-topic: AI avatars & presenters,exclude,(not targeted)
ai video avatar generator free,50,High,86.0,0.93,4.12,0%,0%,Off-topic: AI avatars & presenters,exclude,(not targeted)
creating videos with ai avatars and voices,50,Unknown,,,,-100%,0%,Off-topic: AI avatars & presenters,exclude,(not targeted)
ai avatar generator video,50,High,77.0,1.74,11.51,0%,0%,Off-topic: AI avatars & presenters,exclude,(not targeted)
avatar video generator,50,High,77.0,1.0,9.89,0%,0%,Off-topic: AI avatars & presenters,exclude,(not targeted)
ai talking head video,50,High,86.0,2.7,7.59,0%,0%,Off-topic: AI avatars & presenters,exclude,(not targeted)
ai video generator avatar,50,Medium,41.0,1.91,6.41,0%,0%,Off-topic: AI avatars & presenters,exclude,(not targeted)
avatar video ai,50,Medium,63.0,1.36,5.76,0%,0%,Off-topic: AI avatars & presenters,exclude,(not targeted)
ai avatar video maker,50,Medium,35.0,2.86,9.59,0%,0%,Off-topic: AI avatars & presenters,exclude,(not targeted)
ai avatar text to video,50,Low,29.0,,,∞,0%,Off-topic: AI avatars & presenters,exclude,(not targeted)
video ai avatar,50,High,67.0,0.87,6.21,0%,0%,Off-topic: AI avatars & presenters,exclude,(not targeted)
ai avatar video creator,50,Medium,41.0,1.52,7.1,0%,0%,Off-topic: AI avatars & presenters,exclude,(not targeted)
ai generated avatar video,50,Low,0.0,,,0%,0%,Off-topic: AI avatars & presenters,exclude,(not targeted)
ai avatar synthesia,50,Medium,48.0,0.88,4.4,0%,0%,Off-topic: AI avatars & presenters,exclude,(not targeted)
ai gpt 3 avatar synthesia,50,Unknown,,,,0%,0%,Off-topic: AI avatars & presenters,exclude,(not targeted)
ai spokesperson video,50,Low,30.0,0.82,6.41,0%,-90%,Off-topic: AI avatars & presenters,exclude,(not targeted)
synthesia create your own avatar,50,High,79.0,,,0%,0%,Off-topic: AI avatars & presenters,exclude,(not targeted)
free ai video avatar,50,Medium,45.0,,,0%,0%,Off-topic: AI avatars & presenters,exclude,(not targeted)
colossyan creator app,50,Unknown,,,,0%,0%,Off-topic: AI avatars & presenters,exclude,(not targeted)
colossyan video,50,Medium,52.0,,,0%,0%,Off-topic: AI avatars & presenters,exclude,(not targeted)
colossyan creator ai,50,Unknown,,,,-100%,-100%,Off-topic: AI avatars & presenters,exclude,(not targeted)
colossyan creator ai video,50,Unknown,,,,0%,-100%,Off-topic: AI avatars & presenters,exclude,(not targeted)
colossyan creator free,50,Unknown,,,,-100%,-100%,Off-topic: AI avatars & presenters,exclude,(not targeted)
gpt 3 synthesia avatar,50,Unknown,,,,-100%,0%,Off-topic: AI avatars & presenters,exclude,(not targeted)
synthesia create avatar,50,Medium,46.0,,,0%,0%,Off-topic: AI avatars & presenters,exclude,(not targeted)
www colossyan com,50,Unknown,,,,-100%,-100%,Off-topic: AI avatars & presenters,exclude,(not targeted)
gpt 3 ai and a synthesia avatar,0,Unknown,,,,0%,0%,Off-topic: AI avatars & presenters,exclude,(not targeted)
gpt 3 and a synthesia avatar,0,Unknown,,,,0%,0%,Off-topic: AI avatars & presenters,exclude,(not targeted)
windows movie maker download,5000,Low,20.0,0.62,3.01,0%,0%,Off-topic: adult / deepfake / download,exclude,(not targeted)
video editor free download,5000,Medium,53.0,0.85,3.31,0%,-90%,Off-topic: adult / deepfake / download,exclude,(not targeted)
video editor download,5000,Medium,41.0,0.87,3.37,0%,0%,Off-topic: adult / deepfake / download,exclude,(not targeted)
deepfake video generator,5000,Low,0.0,,,-90%,0%,Off-topic: adult / deepfake / download,exclude,(not targeted)
movie editor free download,5000,Medium,53.0,0.85,3.31,0%,-90%,Off-topic: adult / deepfake / download,exclude,(not targeted)
windows video maker download,5000,Low,20.0,0.62,3.01,0%,0%,Off-topic: adult / deepfake / download,exclude,(not targeted)
facebook private video download,5000,Low,0.0,0.71,1.62,0%,0%,Off-topic: adult / deepfake / download,exclude,(not targeted)
deepfakeporn generator,5000,Low,0.0,,,0%,0%,Off-topic: adult / deepfake / download,exclude,(not targeted)
movie maker download,500,Medium,49.0,0.69,2.87,0%,0%,Off-topic: adult / deepfake / download,exclude,(not targeted)
windows movie maker free download,500,Medium,33.0,0.59,2.43,0%,0%,Off-topic: adult / deepfake / download,exclude,(not targeted)
movie maker free download,500,Medium,44.0,0.77,2.79,0%,-90%,Off-topic: adult / deepfake / download,exclude,(not targeted)
video editor for pc free download,500,Medium,49.0,0.9,3.5,0%,0%,Off-topic: adult / deepfake / download,exclude,(not targeted)
free deepfake maker,500,Low,0.0,,,0%,0%,Off-topic: adult / deepfake / download,exclude,(not targeted)
video maker free download,500,Low,30.0,0.59,3.12,0%,0%,Off-topic: adult / deepfake / download,exclude,(not targeted)
deepfake video maker free,500,Low,0.0,,,900%,900%,Off-topic: adult / deepfake / download,exclude,(not targeted)
video maker download,500,Low,28.0,0.56,3.38,0%,-90%,Off-topic: adult / deepfake / download,exclude,(not targeted)
capcut video editor download,500,Low,6.0,0.51,2.21,900%,900%,Off-topic: adult / deepfake / download,exclude,(not targeted)
avs video editor download,500,Low,21.0,0.39,1.79,0%,0%,Off-topic: adult / deepfake / download,exclude,(not targeted)
create deepfake,500,Low,2.0,0.85,2.06,0%,0%,Off-topic: adult / deepfake / download,exclude,(not targeted)
make deepfake,500,Low,1.0,,,0%,0%,Off-topic: adult / deepfake / download,exclude,(not targeted)
video editor no download,500,Low,29.0,0.06,1.85,0%,0%,Off-topic: adult / deepfake / download,exclude,(not targeted)
windows movie maker download windows 10,500,Low,27.0,0.71,2.72,-90%,-90%,Off-topic: adult / deepfake / download,exclude,(not targeted)
shotcut video editor download,500,Medium,35.0,0.53,2.13,0%,0%,Off-topic: adult / deepfake / download,exclude,(not targeted)
make a deepfake,500,Low,0.0,,,900%,0%,Off-topic: adult / deepfake / download,exclude,(not targeted)
movie maker download windows 10,500,Low,27.0,0.71,2.72,-90%,-90%,Off-topic: adult / deepfake / download,exclude,(not targeted)
windows live movie maker download,500,Low,13.0,0.57,1.89,0%,-90%,Off-topic: adult / deepfake / download,exclude,(not targeted)
online video editor free download,500,Low,23.0,0.43,2.4,0%,0%,Off-topic: adult / deepfake / download,exclude,(not targeted)
youtube video editor download,500,Low,17.0,0.71,2.19,0%,-90%,Off-topic: adult / deepfake / download,exclude,(not targeted)
deepfake video creator,500,Low,0.0,,,0%,-90%,Off-topic: adult / deepfake / download,exclude,(not targeted)
windows movie maker download windows 7,500,Low,7.0,0.54,0.94,0%,-90%,Off-topic: adult / deepfake / download,exclude,(not targeted)
make deepfakes,500,Low,15.0,0.39,1.08,-90%,-90%,Off-topic: adult / deepfake / download,exclude,(not targeted)
download openshot video editor,500,Low,26.0,0.66,2.35,0%,0%,Off-topic: adult / deepfake / download,exclude,(not targeted)
movie maker download windows 7,500,Low,7.0,0.54,0.94,0%,-90%,Off-topic: adult / deepfake / download,exclude,(not targeted)
windows video maker free download,500,Medium,33.0,0.59,2.43,0%,0%,Off-topic: adult / deepfake / download,exclude,(not targeted)
windows movie maker 2012 download,500,Low,2.0,,,-90%,0%,Off-topic: adult / deepfake / download,exclude,(not targeted)
deepfake video generator free,500,Low,0.0,,,0%,900%,Off-topic: adult / deepfake / download,exclude,(not targeted)
download vsdc free video editor,500,Low,21.0,0.51,1.64,-90%,-90%,Off-topic: adult / deepfake / download,exclude,(not targeted)
music video app download,500,Low,12.0,0.27,2.52,0%,0%,Off-topic: adult / deepfake / download,exclude,(not targeted)
capcut download app,500,Low,4.0,0.25,1.99,0%,900%,Off-topic: adult / deepfake / download,exclude,(not targeted)
ai video download,500,Low,7.0,0.51,1.9,0%,0%,Off-topic: adult / deepfake / download,exclude,(not targeted)
ai video generator free reddit,500,Low,21.0,0.68,2.87,0%,0%,Off-topic: adult / deepfake / download,exclude,(not targeted)
ai video reddit,500,Low,3.0,2.62,8.52,0%,0%,Off-topic: adult / deepfake / download,exclude,(not targeted)
deepfake porn video generator,500,Low,0.0,,,0%,0%,Off-topic: adult / deepfake / download,exclude,(not targeted)
star maker song downloader,500,Low,0.0,,,900%,0%,Off-topic: adult / deepfake / download,exclude,(not targeted)
windows video editor download,50,Medium,61.0,1.05,2.79,0%,0%,Off-topic: adult / deepfake / download,exclude,(not targeted)
video maker app download,50,Low,20.0,0.45,2.14,0%,0%,Off-topic: adult / deepfake / download,exclude,(not targeted)
animaker download,50,Low,32.0,0.29,6.16,0%,-90%,Off-topic: adult / deepfake / download,exclude,(not targeted)
video editor app download,50,Low,31.0,0.54,2.86,0%,0%,Off-topic: adult / deepfake / download,exclude,(not targeted)
movavi video editor download,50,High,78.0,1.69,4.02,0%,0%,Off-topic: adult / deepfake / download,exclude,(not targeted)
windows 10 video editor download,50,Medium,40.0,0.47,2.18,0%,0%,Off-topic: adult / deepfake / download,exclude,(not targeted)
movavi video editor free download,50,Medium,54.0,1.34,3.51,0%,0%,Off-topic: adult / deepfake / download,exclude,(not targeted)
create deepfake video,50,Low,0.0,,,0%,-90%,Off-topic: adult / deepfake / download,exclude,(not targeted)
youtube video maker free download,50,Low,14.0,,,0%,0%,Off-topic: adult / deepfake / download,exclude,(not targeted)
vn video editor free download,50,Low,25.0,,,0%,0%,Off-topic: adult / deepfake / download,exclude,(not targeted)
make deepfake video,50,Low,0.0,,,0%,-90%,Off-topic: adult / deepfake / download,exclude,(not targeted)
photo video maker free download,50,Low,17.0,0.38,2.71,0%,0%,Off-topic: adult / deepfake / download,exclude,(not targeted)
free deepfake video maker online,50,Low,0.0,,,∞,0%,Off-topic: adult / deepfake / download,exclude,(not targeted)
intro maker free download,50,Medium,41.0,0.45,2.17,0%,0%,Off-topic: adult / deepfake / download,exclude,(not targeted)
photo video maker with music download,50,Low,19.0,0.55,3.45,0%,-90%,Off-topic: adult / deepfake / download,exclude,(not targeted)
video editor free download for windows 10,50,Medium,61.0,0.65,2.57,0%,0%,Off-topic: adult / deepfake / download,exclude,(not targeted)
microsoft video editor download,50,Low,16.0,,,0%,0%,Off-topic: adult / deepfake / download,exclude,(not targeted)
filmora video editor download,50,High,70.0,1.63,3.18,0%,0%,Off-topic: adult / deepfake / download,exclude,(not targeted)
adobe video editor free download,50,High,67.0,1.26,5.55,0%,-90%,Off-topic: adult / deepfake / download,exclude,(not targeted)
minitool movie maker download,50,Medium,48.0,,,0%,0%,Off-topic: adult / deepfake / download,exclude,(not targeted)
openshot video editor free download,50,Low,23.0,0.41,2.22,0%,0%,Off-topic: adult / deepfake / download,exclude,(not targeted)
free online deepfake video maker,50,Low,0.0,,,∞,0%,Off-topic: adult / deepfake / download,exclude,(not targeted)
avs video editor free download,50,Low,13.0,,,0%,0%,Off-topic: adult / deepfake / download,exclude,(not targeted)
video editor for pc free download windows 10,50,Medium,47.0,0.83,2.57,0%,0%,Off-topic: adult / deepfake / download,exclude,(not targeted)
create download link for video,50,Medium,39.0,,,0%,0%,Off-topic: adult / deepfake / download,exclude,(not targeted)
deepfake video maker online free,50,Low,0.0,,,0%,0%,Off-topic: adult / deepfake / download,exclude,(not targeted)
deepfake maker online free,50,Low,0.0,,,0%,-90%,Off-topic: adult / deepfake / download,exclude,(not targeted)
youtube movie maker download,50,Low,14.0,,,0%,0%,Off-topic: adult / deepfake / download,exclude,(not targeted)
videopad video editor free download,50,Low,21.0,0.09,1.69,0%,-90%,Off-topic: adult / deepfake / download,exclude,(not targeted)
video editor pc download,50,Medium,58.0,1.17,3.63,0%,0%,Off-topic: adult / deepfake / download,exclude,(not targeted)
inshot video editor download,50,Low,0.0,,,0%,0%,Off-topic: adult / deepfake / download,exclude,(not targeted)
kapwing video editor download,50,Low,0.0,,,0%,0%,Off-topic: adult / deepfake / download,exclude,(not targeted)
movie maker free download for windows 10,50,Low,25.0,0.94,3.35,0%,0%,Off-topic: adult / deepfake / download,exclude,(not targeted)
create deepfake free,50,Low,0.0,,,0%,0%,Off-topic: adult / deepfake / download,exclude,(not targeted)
video maker app with song download free,50,Unknown,,,,0%,-100%,Off-topic: adult / deepfake / download,exclude,(not targeted)
lyric video maker free download,50,High,71.0,,,∞,0%,Off-topic: adult / deepfake / download,exclude,(not targeted)
windows video editor free download,50,Medium,48.0,1.52,4.44,0%,0%,Off-topic: adult / deepfake / download,exclude,(not targeted)
shotcut video editor free download,50,Medium,43.0,0.54,3.34,0%,0%,Off-topic: adult / deepfake / download,exclude,(not targeted)
video editor for pc free download windows 7,50,Low,11.0,,,0%,0%,Off-topic: adult / deepfake / download,exclude,(not targeted)
youcut video editor download,50,Low,22.0,0.94,2.38,0%,0%,Off-topic: adult / deepfake / download,exclude,(not targeted)
filmora video editor download for pc,50,Low,0.0,,,0%,0%,Off-topic: adult / deepfake / download,exclude,(not targeted)
video editor app download for android,50,Low,0.0,,,0%,0%,Off-topic: adult / deepfake / download,exclude,(not targeted)
animaker free download,50,Low,10.0,,,0%,0%,Off-topic: adult / deepfake / download,exclude,(not targeted)
video maker app download with music,50,Low,14.0,1.06,3.93,0%,0%,Off-topic: adult / deepfake / download,exclude,(not targeted)
download video editor for windows 7,50,Unknown,,,,0%,-100%,Off-topic: adult / deepfake / download,exclude,(not targeted)
video maker app free download,50,Medium,53.0,0.4,1.41,0%,0%,Off-topic: adult / deepfake / download,exclude,(not targeted)
make deepfake free,50,Low,6.0,,,0%,0%,Off-topic: adult / deepfake / download,exclude,(not targeted)
windows movie maker 2012 free download,50,Low,7.0,,,0%,0%,Off-topic: adult / deepfake / download,exclude,(not targeted)
windows movie maker free download for windows 10,50,Low,25.0,0.94,3.35,0%,0%,Off-topic: adult / deepfake / download,exclude,(not targeted)
davinci video editor download,50,Medium,34.0,0.77,2.74,0%,0%,Off-topic: adult / deepfake / download,exclude,(not targeted)
movie maker online free download,50,Low,16.0,0.8,3.69,0%,0%,Off-topic: adult / deepfake / download,exclude,(not targeted)
movavi activation key generator,50,Low,0.0,,,∞,0%,Off-topic: adult / deepfake / download,exclude,(not targeted)
download video maker for pc,50,Medium,61.0,0.57,1.14,0%,0%,Off-topic: adult / deepfake / download,exclude,(not targeted)
tiktok video maker app download,50,Low,24.0,0.54,1.86,0%,0%,Off-topic: adult / deepfake / download,exclude,(not targeted)
video maker free download for pc,50,Medium,49.0,0.77,3.23,0%,0%,Off-topic: adult / deepfake / download,exclude,(not targeted)
video editor free download for windows 7,50,High,74.0,0.44,1.85,0%,0%,Off-topic: adult / deepfake / download,exclude,(not targeted)
youtube clip maker download,50,Low,25.0,,,0%,-90%,Off-topic: adult / deepfake / download,exclude,(not targeted)
filmigo app download,50,Medium,64.0,0.28,9.74,∞,0%,Off-topic: adult / deepfake / download,exclude,(not targeted)
video editor app download for pc,50,Low,14.0,,,0%,0%,Off-topic: adult / deepfake / download,exclude,(not targeted)
wondershare video editor free download,50,Medium,45.0,0.68,2.79,0%,0%,Off-topic: adult / deepfake / download,exclude,(not targeted)
animation video maker app free download,50,Unknown,,,,0%,-100%,Off-topic: adult / deepfake / download,exclude,(not targeted)
canva video editor free download,50,Medium,43.0,,,0%,0%,Off-topic: adult / deepfake / download,exclude,(not targeted)
fotoplay app download,50,Low,20.0,,,0%,0%,Off-topic: adult / deepfake / download,exclude,(not targeted)
create deepfake video online free,50,Low,0.0,,,0%,0%,Off-topic: adult / deepfake / download,exclude,(not targeted)
photo video maker with song online free download,50,Unknown,,,,0%,-100%,Off-topic: adult / deepfake / download,exclude,(not targeted)
ai video creator free download,50,Medium,64.0,0.49,2.83,0%,0%,Off-topic: adult / deepfake / download,exclude,(not targeted)
film maker download,50,Low,6.0,,,0%,0%,Off-topic: adult / deepfake / download,exclude,(not targeted)
youcut video editor free download,50,Low,22.0,,,0%,0%,Off-topic: adult / deepfake / download,exclude,(not targeted)
video maker app download for pc,50,Medium,40.0,,,0%,∞,Off-topic: adult / deepfake / download,exclude,(not targeted)
movie maker 10 free download,50,Low,18.0,,,0%,0%,Off-topic: adult / deepfake / download,exclude,(not targeted)
download capcut video editor,50,Medium,36.0,0.34,5.05,0%,0%,Off-topic: adult / deepfake / download,exclude,(not targeted)
windows movie maker 2022 free download,50,Medium,38.0,,,0%,0%,Off-topic: adult / deepfake / download,exclude,(not targeted)
download video maker with music,50,Low,0.0,,,0%,0%,Off-topic: adult / deepfake / download,exclude,(not targeted)
movie maker online download,50,Unknown,,,,0%,0%,Off-topic: adult / deepfake / download,exclude,(not targeted)
video editing app for pc free download,50,Low,29.0,,,0%,0%,Off-topic: adult / deepfake / download,exclude,(not targeted)
create free deepfake,50,Low,13.0,,,0%,0%,Off-topic: adult / deepfake / download,exclude,(not targeted)
davinci video editor free download,50,Medium,47.0,0.82,2.79,0%,0%,Off-topic: adult / deepfake / download,exclude,(not targeted)
movie maker 2012 download,50,Low,0.0,,,0%,0%,Off-topic: adult / deepfake / download,exclude,(not targeted)
happy birthday video maker free download,50,Low,32.0,0.04,0.92,0%,0%,Off-topic: adult / deepfake / download,exclude,(not targeted)
free deepfake video creator,50,Low,0.0,,,0%,0%,Off-topic: adult / deepfake / download,exclude,(not targeted)
movie maker app download,50,Low,8.0,,,0%,0%,Off-topic: adult / deepfake / download,exclude,(not targeted)
photo video maker app download,50,Low,0.0,,,0%,0%,Off-topic: adult / deepfake / download,exclude,(not targeted)
animaker app download,50,Unknown,,,,-100%,-100%,Off-topic: adult / deepfake / download,exclude,(not targeted)
minitool movie maker 4.0 free download,50,Unknown,,,,0%,0%,Off-topic: adult / deepfake / download,exclude,(not targeted)
movie maker 2012 free download,50,Low,0.0,,,0%,0%,Off-topic: adult / deepfake / download,exclude,(not targeted)
intro maker download,50,Low,0.0,,,0%,0%,Off-topic: adult / deepfake / download,exclude,(not targeted)
animaker download for pc,50,Unknown,,,,-100%,0%,Off-topic: adult / deepfake / download,exclude,(not targeted)
vita video editor download,50,Low,29.0,,,0%,0%,Off-topic: adult / deepfake / download,exclude,(not targeted)
photo video maker with song free download,50,Low,0.0,,,0%,0%,Off-topic: adult / deepfake / download,exclude,(not targeted)
inshot video editor app download,50,Low,11.0,,,0%,0%,Off-topic: adult / deepfake / download,exclude,(not targeted)
windows movie maker free download for windows 7,50,Low,17.0,,,0%,0%,Off-topic: adult / deepfake / download,exclude,(not targeted)
best video editing app download,50,Low,0.0,,,0%,0%,Off-topic: adult / deepfake / download,exclude,(not targeted)
movie maker 2.6 free download,50,Low,7.0,,,0%,0%,Off-topic: adult / deepfake / download,exclude,(not targeted)
download animaker,50,High,86.0,,,0%,0%,Off-topic: adult / deepfake / download,exclude,(not targeted)
photo video maker with music free download for windows 10,50,Unknown,,,,0%,-100%,Off-topic: adult / deepfake / download,exclude,(not targeted)
windows movie maker 2.6 free download,50,Low,7.0,,,0%,0%,Off-topic: adult / deepfake / download,exclude,(not targeted)
create free deepfake video,50,Low,0.0,,,0%,0%,Off-topic: adult / deepfake / download,exclude,(not targeted)
synthesia video creator download,50,Unknown,,,,0%,0%,Off-topic: adult / deepfake / download,exclude,(not targeted)
download movie maker for pc,50,Low,21.0,,,0%,0%,Off-topic: adult / deepfake / download,exclude,(not targeted)
music video maker app download,50,Low,14.0,1.06,3.93,0%,0%,Off-topic: adult / deepfake / download,exclude,(not targeted)
deepfake create free,50,Low,0.0,,,0%,0%,Off-topic: adult / deepfake / download,exclude,(not targeted)
kinemaster video editor download,50,Low,0.0,,,0%,0%,Off-topic: adult / deepfake / download,exclude,(not targeted)
synthesia io free download,50,Unknown,,,,0%,0%,Off-topic: adult / deepfake / download,exclude,(not targeted)
inshot video editor download for pc,50,Unknown,,,,-100%,-100%,Off-topic: adult / deepfake / download,exclude,(not targeted)
ai upscale video reddit,50,Low,8.0,,,0%,0%,Off-topic: adult / deepfake / download,exclude,(not targeted)
ai video upscale reddit,50,Low,22.0,,,0%,0%,Off-topic: adult / deepfake / download,exclude,(not targeted)
animaker com download,50,Unknown,,,,0%,-100%,Off-topic: adult / deepfake / download,exclude,(not targeted)
animaker download for windows 10,50,Unknown,,,,0%,-100%,Off-topic: adult / deepfake / download,exclude,(not targeted)
applied ai course videos download,50,Unknown,,,,0%,-100%,Off-topic: adult / deepfake / download,exclude,(not targeted)
applied ai course videos telegram,50,Unknown,,,,0%,0%,Off-topic: adult / deepfake / download,exclude,(not targeted)
artificial intelligence video free download,50,Unknown,,,,0%,-100%,Off-topic: adult / deepfake / download,exclude,(not targeted)
auto subtitle generator reddit,50,Low,0.0,,,0%,0%,Off-topic: adult / deepfake / download,exclude,(not targeted)
blackmagic proxy generator download,50,Low,0.0,,,0%,0%,Off-topic: adult / deepfake / download,exclude,(not targeted)
capcut free video editor download,50,Low,12.0,,,0%,0%,Off-topic: adult / deepfake / download,exclude,(not targeted)
capcut video editing app download,50,Low,9.0,,,0%,0%,Off-topic: adult / deepfake / download,exclude,(not targeted)
colossyan creator free download,50,Unknown,,,,0%,-100%,Off-topic: adult / deepfake / download,exclude,(not targeted)
create deepfake for free,50,Low,0.0,,,∞,0%,Off-topic: adult / deepfake / download,exclude,(not targeted)
create deepfake video online,50,Low,0.0,,,0%,0%,Off-topic: adult / deepfake / download,exclude,(not targeted)
davinci resolve studio 18 activation key generator,50,Unknown,,,,0%,0%,Off-topic: adult / deepfake / download,exclude,(not targeted)
deepfake text to video,50,Unknown,,,,-100%,-100%,Off-topic: adult / deepfake / download,exclude,(not targeted)
download blackmagic proxy generator,50,Low,0.0,,,0%,0%,Off-topic: adult / deepfake / download,exclude,(not targeted)
download video generator,50,Low,8.0,,,0%,0%,Off-topic: adult / deepfake / download,exclude,(not targeted)
fb video download link generator,50,Unknown,,,,-100%,-100%,Off-topic: adult / deepfake / download,exclude,(not targeted)
free deepfake create,50,Low,0.0,,,0%,0%,Off-topic: adult / deepfake / download,exclude,(not targeted)
free maker video downloader,50,Low,4.0,,,-90%,0%,Off-topic: adult / deepfake / download,exclude,(not targeted)
generator download video,50,Unknown,,,,0%,0%,Off-topic: adult / deepfake / download,exclude,(not targeted)
inshot video maker app download,50,Unknown,,,,0%,0%,Off-topic: adult / deepfake / download,exclude,(not targeted)
intro logo maker free download,50,Unknown,,,,0%,0%,Off-topic: adult / deepfake / download,exclude,(not targeted)
kinemaster video editing app download,50,Unknown,,,,-100%,-100%,Off-topic: adult / deepfake / download,exclude,(not targeted)
kinemaster video editor download 2022,50,Unknown,,,,-100%,0%,Off-topic: adult / deepfake / download,exclude,(not targeted)
kinemaster video editor free download,50,Unknown,,,,0%,-100%,Off-topic: adult / deepfake / download,exclude,(not targeted)
link generator download video,50,Low,0.0,,,0%,∞,Off-topic: adult / deepfake / download,exclude,(not targeted)
lyrical video maker app download,50,Unknown,,,,-100%,0%,Off-topic: adult / deepfake / download,exclude,(not targeted)
movavi video editor activation key generator,50,Unknown,,,,0%,-100%,Off-topic: adult / deepfake / download,exclude,(not targeted)
movavi video editor plus 2022 activation key generator,50,Unknown,,,,0%,0%,Off-topic: adult / deepfake / download,exclude,(not targeted)
muse ai video downloader,50,Unknown,,,,-100%,-100%,Off-topic: adult / deepfake / download,exclude,(not targeted)
photo video editing app download,50,Medium,52.0,,,∞,∞,Off-topic: adult / deepfake / download,exclude,(not targeted)
photo video maker download,50,Low,0.0,,,0%,0%,Off-topic: adult / deepfake / download,exclude,(not targeted)
photo video maker with song app download for pc,50,Low,0.0,,,0%,0%,Off-topic: adult / deepfake / download,exclude,(not targeted)
subtitle creator download,50,Low,0.0,,,0%,0%,Off-topic: adult / deepfake / download,exclude,(not targeted)
subtitle generator download,50,Low,10.0,,,0%,0%,Off-topic: adult / deepfake / download,exclude,(not targeted)
subtitle generator free download,50,Low,0.0,,,0%,0%,Off-topic: adult / deepfake / download,exclude,(not targeted)
synthesia io download,50,Unknown,,,,0%,-100%,Off-topic: adult / deepfake / download,exclude,(not targeted)
synthesia video creator free download,50,Unknown,,,,-100%,0%,Off-topic: adult / deepfake / download,exclude,(not targeted)
video ai upscale reddit,50,Unknown,,,,-100%,-100%,Off-topic: adult / deepfake / download,exclude,(not targeted)
video download generator,50,Low,0.0,,,0%,0%,Off-topic: adult / deepfake / download,exclude,(not targeted)
video download link generator,50,Medium,38.0,,,0%,0%,Off-topic: adult / deepfake / download,exclude,(not targeted)
video download link maker,50,Low,14.0,,,0%,0%,Off-topic: adult / deepfake / download,exclude,(not targeted)
video invitation maker free download,50,High,79.0,,,0%,0%,Off-topic: adult / deepfake / download,exclude,(not targeted)
video link generator download,50,Unknown,,,,0%,0%,Off-topic: adult / deepfake / download,exclude,(not targeted)
viva video editor app download,50,Unknown,,,,0%,-100%,Off-topic: adult / deepfake / download,exclude,(not targeted)
vsdc activation key generator,50,Unknown,,,,0%,0%,Off-topic: adult / deepfake / download,exclude,(not targeted)
windows movie maker 2.6 download,50,Low,3.0,,,0%,0%,Off-topic: adult / deepfake / download,exclude,(not targeted)
youtube download generator,50,Low,1.0,,,0%,0%,Off-topic: adult / deepfake / download,exclude,(not targeted)
youtube download link generator,50,Low,0.0,,,0%,0%,Off-topic: adult / deepfake / download,exclude,(not targeted)
youtube playlist download link generator,50,Unknown,,,,-100%,-100%,Off-topic: adult / deepfake / download,exclude,(not targeted)
youtube subtitle generator download,50,Low,0.0,,,∞,0%,Off-topic: adult / deepfake / download,exclude,(not targeted)
youtube thumbnail maker download for pc,50,Low,0.0,,,∞,∞,Off-topic: adult / deepfake / download,exclude,(not targeted)
youtube video download generator,50,Low,2.0,,,0%,0%,Off-topic: adult / deepfake / download,exclude,(not targeted)
youtube video download link generator,50,Low,2.0,,,0%,0%,Off-topic: adult / deepfake / download,exclude,(not targeted)
birthday video maker with song app download,0,Unknown,,,,0%,0%,Off-topic: adult / deepfake / download,exclude,(not targeted)
davinci resolve studio 17 activation key generator,0,Unknown,,,,0%,0%,Off-topic: adult / deepfake / download,exclude,(not targeted)
download synthesia video creator,0,Unknown,,,,0%,0%,Off-topic: adult / deepfake / download,exclude,(not targeted)
link generator download video youtube,0,Unknown,,,,0%,0%,Off-topic: adult / deepfake / download,exclude,(not targeted)
movavi video editor 15 activation key generator,0,Unknown,,,,0%,-100%,Off-topic: adult / deepfake / download,exclude,(not targeted)
vido video maker app download,0,Unknown,,,,0%,0%,Off-topic: adult / deepfake / download,exclude,(not targeted)
voot video download link generator,0,Unknown,,,,0%,0%,Off-topic: adult / deepfake / download,exclude,(not targeted)
youtube short video download link generator,0,Unknown,,,,0%,0%,Off-topic: adult / deepfake / download,exclude,(not targeted)
video transcript generator,50000,Medium,62.0,0.88,4.56,0%,0%,"Off-topic: captions, subtitles & transcripts",exclude,(not targeted)
add subtitles to video,5000,Medium,48.0,0.68,3.0,0%,0%,"Off-topic: captions, subtitles & transcripts",exclude,(not targeted)
subtitle generator,5000,Medium,41.0,0.42,2.41,0%,0%,"Off-topic: captions, subtitles & transcripts",exclude,(not targeted)
video subtitle generator,5000,Medium,45.0,0.42,2.49,-90%,-90%,"Off-topic: captions, subtitles & transcripts",exclude,(not targeted)
ai subtitle generator,5000,Medium,40.0,0.58,2.83,-90%,-90%,"Off-topic: captions, subtitles & transcripts",exclude,(not targeted)
video caption generator,5000,Medium,52.0,0.6,2.66,-90%,-90%,"Off-topic: captions, subtitles & transcripts",exclude,(not targeted)
create transcript from video,5000,High,73.0,1.38,5.65,0%,0%,"Off-topic: captions, subtitles & transcripts",exclude,(not targeted)
auto subtitle,5000,Medium,34.0,0.56,2.71,0%,0%,"Off-topic: captions, subtitles & transcripts",exclude,(not targeted)
auto caption generator,5000,Medium,48.0,0.46,2.64,0%,0%,"Off-topic: captions, subtitles & transcripts",exclude,(not targeted)
youtube transcript generator free,5000,Low,26.0,0.4,2.28,0%,0%,"Off-topic: captions, subtitles & transcripts",exclude,(not targeted)
free youtube transcript generator,5000,Medium,35.0,0.42,2.24,0%,0%,"Off-topic: captions, subtitles & transcripts",exclude,(not targeted)
automatic captioning,5000,Medium,39.0,0.45,2.54,0%,0%,"Off-topic: captions, subtitles & transcripts",exclude,(not targeted)
youtube transcript ai,5000,Low,14.0,0.37,2.14,0%,900%,"Off-topic: captions, subtitles & transcripts",exclude,(not targeted)
sub title generator,5000,Medium,41.0,0.42,2.41,0%,0%,"Off-topic: captions, subtitles & transcripts",exclude,(not targeted)
subtitle creator for videos,5000,Medium,45.0,0.42,2.49,-90%,-90%,"Off-topic: captions, subtitles & transcripts",exclude,(not targeted)
auto subtitle generator,500,Medium,35.0,0.34,1.81,0%,-90%,"Off-topic: captions, subtitles & transcripts",exclude,(not targeted)
free subtitle generator,500,Medium,49.0,0.46,2.08,0%,-90%,"Off-topic: captions, subtitles & transcripts",exclude,(not targeted)
transcript generator from video,500,Medium,65.0,0.86,4.36,0%,0%,"Off-topic: captions, subtitles & transcripts",exclude,(not targeted)
add subtitles to video free,500,Medium,56.0,0.5,1.96,0%,0%,"Off-topic: captions, subtitles & transcripts",exclude,(not targeted)
create subtitles for video,500,Medium,50.0,0.6,2.67,0%,0%,"Off-topic: captions, subtitles & transcripts",exclude,(not targeted)
add subtitles to video online free,500,Medium,39.0,0.34,1.84,0%,0%,"Off-topic: captions, subtitles & transcripts",exclude,(not targeted)
automatic subtitle generator,500,Medium,45.0,0.65,2.89,0%,0%,"Off-topic: captions, subtitles & transcripts",exclude,(not targeted)
subtitle generator free,500,Medium,45.0,0.36,2.09,0%,0%,"Off-topic: captions, subtitles & transcripts",exclude,(not targeted)
caption generator for videos,500,Medium,58.0,0.79,3.23,0%,0%,"Off-topic: captions, subtitles & transcripts",exclude,(not targeted)
subtitle maker,500,Low,22.0,0.43,2.2,0%,0%,"Off-topic: captions, subtitles & transcripts",exclude,(not targeted)
closed caption generator,500,Medium,42.0,0.77,3.5,0%,0%,"Off-topic: captions, subtitles & transcripts",exclude,(not targeted)
subtitle creator,500,Medium,44.0,0.71,2.75,0%,0%,"Off-topic: captions, subtitles & transcripts",exclude,(not targeted)
free automatic subtitle generator,500,Medium,34.0,0.48,2.34,0%,0%,"Off-topic: captions, subtitles & transcripts",exclude,(not targeted)
add subtitles to video online,500,Low,11.0,0.4,1.93,900%,0%,"Off-topic: captions, subtitles & transcripts",exclude,(not targeted)
srt file generator,500,Medium,38.0,0.5,2.39,0%,0%,"Off-topic: captions, subtitles & transcripts",exclude,(not targeted)
video caption maker,500,Medium,49.0,0.64,2.23,0%,0%,"Off-topic: captions, subtitles & transcripts",exclude,(not targeted)
automatically add subtitles to video online free,500,Medium,43.0,0.64,2.19,-90%,0%,"Off-topic: captions, subtitles & transcripts",exclude,(not targeted)
srt file creator,500,Low,24.0,0.63,3.15,0%,0%,"Off-topic: captions, subtitles & transcripts",exclude,(not targeted)
free caption generator for videos,500,High,68.0,0.63,2.55,0%,0%,"Off-topic: captions, subtitles & transcripts",exclude,(not targeted)
ai video caption generator,500,Medium,57.0,0.89,4.65,0%,0%,"Off-topic: captions, subtitles & transcripts",exclude,(not targeted)
free video subtitle generator,500,Medium,60.0,0.43,2.24,-90%,-90%,"Off-topic: captions, subtitles & transcripts",exclude,(not targeted)
closed caption creator,500,Low,16.0,0.74,3.61,0%,0%,"Off-topic: captions, subtitles & transcripts",exclude,(not targeted)
subtitle ai,500,Medium,48.0,0.6,3.19,0%,0%,"Off-topic: captions, subtitles & transcripts",exclude,(not targeted)
online subtitle generator,500,Low,23.0,0.45,3.1,0%,0%,"Off-topic: captions, subtitles & transcripts",exclude,(not targeted)
video subtitle generator free,500,Medium,46.0,0.43,1.86,-90%,-90%,"Off-topic: captions, subtitles & transcripts",exclude,(not targeted)
youtube subtitle generator,500,Low,9.0,0.45,2.19,0%,0%,"Off-topic: captions, subtitles & transcripts",exclude,(not targeted)
free srt file generator,500,Medium,38.0,0.46,2.18,0%,-90%,"Off-topic: captions, subtitles & transcripts",exclude,(not targeted)
make subtitles for video,500,Medium,50.0,0.6,2.67,0%,0%,"Off-topic: captions, subtitles & transcripts",exclude,(not targeted)
automatic caption generator,500,Medium,45.0,0.65,2.89,0%,0%,"Off-topic: captions, subtitles & transcripts",exclude,(not targeted)
free video caption generator,500,Medium,58.0,0.44,2.34,0%,0%,"Off-topic: captions, subtitles & transcripts",exclude,(not targeted)
ai subtitle generator free,500,Medium,44.0,0.56,2.41,0%,0%,"Off-topic: captions, subtitles & transcripts",exclude,(not targeted)
video caption generator free,500,Medium,47.0,0.37,2.2,0%,0%,"Off-topic: captions, subtitles & transcripts",exclude,(not targeted)
auto subtitle generator free,500,Medium,38.0,0.34,1.66,0%,0%,"Off-topic: captions, subtitles & transcripts",exclude,(not targeted)
caption video generator,500,Medium,49.0,0.53,2.98,900%,0%,"Off-topic: captions, subtitles & transcripts",exclude,(not targeted)
subtitle auto generator,500,Medium,35.0,0.34,1.81,0%,-90%,"Off-topic: captions, subtitles & transcripts",exclude,(not targeted)
free ai subtitle generator,500,Medium,42.0,0.42,2.33,0%,0%,"Off-topic: captions, subtitles & transcripts",exclude,(not targeted)
subtitle generator for video,500,Medium,47.0,0.52,3.01,0%,0%,"Off-topic: captions, subtitles & transcripts",exclude,(not targeted)
youtube video transcript generator free,500,Medium,40.0,0.35,2.11,0%,0%,"Off-topic: captions, subtitles & transcripts",exclude,(not targeted)
free auto caption generator,500,Medium,55.0,0.31,1.9,0%,0%,"Off-topic: captions, subtitles & transcripts",exclude,(not targeted)
auto caption ai,500,Medium,57.0,0.46,2.03,0%,0%,"Off-topic: captions, subtitles & transcripts",exclude,(not targeted)
srt file maker,500,Low,19.0,0.49,1.96,0%,900%,"Off-topic: captions, subtitles & transcripts",exclude,(not targeted)
free subtitle generator for videos,500,Medium,54.0,0.67,2.61,-90%,0%,"Off-topic: captions, subtitles & transcripts",exclude,(not targeted)
youtube caption generator,500,Low,9.0,0.45,2.19,0%,0%,"Off-topic: captions, subtitles & transcripts",exclude,(not targeted)
closed caption maker,500,Low,16.0,0.74,3.61,0%,0%,"Off-topic: captions, subtitles & transcripts",exclude,(not targeted)
auto caption generator free,500,Medium,59.0,0.2,1.79,0%,0%,"Off-topic: captions, subtitles & transcripts",exclude,(not targeted)
ai auto caption,500,Medium,55.0,0.76,3.1,-90%,-90%,"Off-topic: captions, subtitles & transcripts",exclude,(not targeted)
srt maker,500,Low,10.0,0.33,3.04,900%,900%,"Off-topic: captions, subtitles & transcripts",exclude,(not targeted)
subtitle creator free,500,Medium,49.0,0.46,2.08,0%,-90%,"Off-topic: captions, subtitles & transcripts",exclude,(not targeted)
video caption creator,500,Medium,58.0,0.77,4.2,0%,0%,"Off-topic: captions, subtitles & transcripts",exclude,(not targeted)
caption generator from video,500,Medium,51.0,0.44,2.34,0%,0%,"Off-topic: captions, subtitles & transcripts",exclude,(not targeted)
automatically caption video,500,Medium,51.0,0.7,2.69,0%,0%,"Off-topic: captions, subtitles & transcripts",exclude,(not targeted)
subtitle maker free,500,Medium,49.0,0.46,2.08,0%,-90%,"Off-topic: captions, subtitles & transcripts",exclude,(not targeted)
free subtitle creator,500,Medium,49.0,0.46,2.08,0%,-90%,"Off-topic: captions, subtitles & transcripts",exclude,(not targeted)
transcript generator from youtube video,500,Medium,42.0,0.34,1.98,-90%,0%,"Off-topic: captions, subtitles & transcripts",exclude,(not targeted)
youtube add subtitles,500,Low,5.0,,,0%,-90%,"Off-topic: captions, subtitles & transcripts",exclude,(not targeted)
subtitle maker online,500,Low,23.0,0.45,3.1,0%,0%,"Off-topic: captions, subtitles & transcripts",exclude,(not targeted)
subtitle generator youtube,500,Low,9.0,0.45,2.19,0%,0%,"Off-topic: captions, subtitles & transcripts",exclude,(not targeted)
online subtitle creator,500,Low,23.0,0.45,3.1,0%,0%,"Off-topic: captions, subtitles & transcripts",exclude,(not targeted)
free youtube video transcript generator,500,Medium,49.0,0.43,2.36,0%,900%,"Off-topic: captions, subtitles & transcripts",exclude,(not targeted)
automatic subtitle creator,500,Medium,45.0,0.65,2.89,0%,0%,"Off-topic: captions, subtitles & transcripts",exclude,(not targeted)
youtube subtitle creator,500,Low,9.0,0.45,2.19,0%,0%,"Off-topic: captions, subtitles & transcripts",exclude,(not targeted)
add subtitles to video for free,50,Medium,62.0,0.76,3.57,0%,0%,"Off-topic: captions, subtitles & transcripts",exclude,(not targeted)
add subtitles to video automatically,50,Medium,33.0,0.92,2.23,0%,0%,"Off-topic: captions, subtitles & transcripts",exclude,(not targeted)
add subtitles to video app,50,Low,16.0,,,0%,0%,"Off-topic: captions, subtitles & transcripts",exclude,(not targeted)
create srt file from video,50,Medium,64.0,0.83,3.84,0%,0%,"Off-topic: captions, subtitles & transcripts",exclude,(not targeted)
free subtitle generator no watermark,50,Medium,41.0,0.59,1.73,0%,-90%,"Off-topic: captions, subtitles & transcripts",exclude,(not targeted)
automatic closed captioning,50,Low,31.0,0.95,4.26,0%,0%,"Off-topic: captions, subtitles & transcripts",exclude,(not targeted)
video transcript generator free online,50,Medium,36.0,0.14,1.77,0%,0%,"Off-topic: captions, subtitles & transcripts",exclude,(not targeted)
video closed caption generator,50,High,79.0,1.04,3.37,0%,0%,"Off-topic: captions, subtitles & transcripts",exclude,(not targeted)
auto subtitle video,50,Medium,46.0,0.51,2.26,0%,0%,"Off-topic: captions, subtitles & transcripts",exclude,(not targeted)
free auto subtitle generator,50,Medium,47.0,0.41,2.0,0%,0%,"Off-topic: captions, subtitles & transcripts",exclude,(not targeted)
best subtitle generator,50,Medium,51.0,1.24,4.54,0%,0%,"Off-topic: captions, subtitles & transcripts",exclude,(not targeted)
automatic subtitle generator free,50,Medium,52.0,0.3,2.33,0%,0%,"Off-topic: captions, subtitles & transcripts",exclude,(not targeted)
subtitle video generator,50,Medium,41.0,0.3,1.95,0%,-90%,"Off-topic: captions, subtitles & transcripts",exclude,(not targeted)
closed caption generator free,50,Medium,61.0,0.5,2.04,0%,0%,"Off-topic: captions, subtitles & transcripts",exclude,(not targeted)
auto subtitle generator online,50,Low,18.0,0.15,1.84,0%,0%,"Off-topic: captions, subtitles & transcripts",exclude,(not targeted)
automatic subtitle generator online free,50,Medium,43.0,,,0%,0%,"Off-topic: captions, subtitles & transcripts",exclude,(not targeted)
ai srt generator,50,Low,33.0,1.04,4.57,0%,-90%,"Off-topic: captions, subtitles & transcripts",exclude,(not targeted)
transcript for video generator,50,Unknown,,,,-100%,-100%,"Off-topic: captions, subtitles & transcripts",exclude,(not targeted)
online video subtitle generator,50,Low,25.0,0.46,3.19,0%,0%,"Off-topic: captions, subtitles & transcripts",exclude,(not targeted)
caption generator for videos free,50,Medium,52.0,0.68,2.45,0%,0%,"Off-topic: captions, subtitles & transcripts",exclude,(not targeted)
create srt file from video free,50,Medium,46.0,,,0%,0%,"Off-topic: captions, subtitles & transcripts",exclude,(not targeted)
free srt generator,50,Medium,48.0,0.49,2.09,0%,0%,"Off-topic: captions, subtitles & transcripts",exclude,(not targeted)
create caption file for video,50,High,81.0,0.95,3.69,0%,0%,"Off-topic: captions, subtitles & transcripts",exclude,(not targeted)
best auto subtitle generator,50,High,74.0,1.08,3.68,0%,0%,"Off-topic: captions, subtitles & transcripts",exclude,(not targeted)
free srt file creator,50,Low,29.0,,,0%,0%,"Off-topic: captions, subtitles & transcripts",exclude,(not targeted)
video subtitle editor,50,Low,27.0,0.82,2.42,0%,0%,"Off-topic: captions, subtitles & transcripts",exclude,(not targeted)
youtube video subtitle generator,50,Low,20.0,0.56,2.32,0%,0%,"Off-topic: captions, subtitles & transcripts",exclude,(not targeted)
subtitle generator ai,50,Low,32.0,0.75,2.91,0%,0%,"Off-topic: captions, subtitles & transcripts",exclude,(not targeted)
create srt file free,50,Medium,62.0,,,∞,0%,"Off-topic: captions, subtitles & transcripts",exclude,(not targeted)
caption auto generator,50,Medium,55.0,0.32,2.01,0%,0%,"Off-topic: captions, subtitles & transcripts",exclude,(not targeted)
automatic video captioning,50,Medium,52.0,0.73,3.07,0%,-90%,"Off-topic: captions, subtitles & transcripts",exclude,(not targeted)
srt caption generator,50,Medium,39.0,0.23,1.55,0%,0%,"Off-topic: captions, subtitles & transcripts",exclude,(not targeted)
video subtitle maker,50,Medium,53.0,0.34,1.89,0%,0%,"Off-topic: captions, subtitles & transcripts",exclude,(not targeted)
auto subtitle generator online free,50,Low,4.0,,,0%,0%,"Off-topic: captions, subtitles & transcripts",exclude,(not targeted)
final cut pro caption generator,50,Medium,43.0,4.42,7.82,0%,0%,"Off-topic: captions, subtitles & transcripts",exclude,(not targeted)
free online subtitle generator,50,Medium,37.0,0.62,3.15,0%,0%,"Off-topic: captions, subtitles & transcripts",exclude,(not targeted)
english subtitle generator,50,Low,17.0,0.37,1.99,0%,0%,"Off-topic: captions, subtitles & transcripts",exclude,(not targeted)
video to transcript generator,50,Medium,59.0,0.72,3.48,0%,0%,"Off-topic: captions, subtitles & transcripts",exclude,(not targeted)
online caption generator for video,50,Medium,52.0,,,0%,0%,"Off-topic: captions, subtitles & transcripts",exclude,(not targeted)
closed caption creator free,50,Medium,64.0,0.95,2.4,0%,0%,"Off-topic: captions, subtitles & transcripts",exclude,(not targeted)
video to subtitle generator,50,Medium,50.0,0.31,3.43,0%,0%,"Off-topic: captions, subtitles & transcripts",exclude,(not targeted)
free closed caption generator,50,Medium,65.0,0.78,2.96,0%,-90%,"Off-topic: captions, subtitles & transcripts",exclude,(not targeted)
subtitle generator online free,50,Low,5.0,,,0%,0%,"Off-topic: captions, subtitles & transcripts",exclude,(not targeted)
caption creator for video,50,High,70.0,0.8,3.01,0%,0%,"Off-topic: captions, subtitles & transcripts",exclude,(not targeted)
auto caption generator for video,50,Medium,52.0,0.76,4.89,0%,0%,"Off-topic: captions, subtitles & transcripts",exclude,(not targeted)
auto subtitle generator app,50,Medium,54.0,0.66,1.47,0%,0%,"Off-topic: captions, subtitles & transcripts",exclude,(not targeted)
youtube transcript generator online free,50,Low,18.0,,,0%,0%,"Off-topic: captions, subtitles & transcripts",exclude,(not targeted)
online closed caption generator,50,Low,25.0,,,0%,0%,"Off-topic: captions, subtitles & transcripts",exclude,(not targeted)
final cut pro subtitle generator,50,Low,21.0,,,0%,0%,"Off-topic: captions, subtitles & transcripts",exclude,(not targeted)
automatic srt file generator,50,Medium,45.0,1.26,4.63,0%,0%,"Off-topic: captions, subtitles & transcripts",exclude,(not targeted)
online video caption generator,50,Medium,54.0,0.69,1.96,0%,0%,"Off-topic: captions, subtitles & transcripts",exclude,(not targeted)
youtube video caption generator,50,Low,19.0,0.61,1.87,0%,0%,"Off-topic: captions, subtitles & transcripts",exclude,(not targeted)
best free subtitle generator,50,Medium,40.0,0.75,1.67,0%,0%,"Off-topic: captions, subtitles & transcripts",exclude,(not targeted)
subtitle generator video,50,Low,18.0,0.38,3.96,0%,0%,"Off-topic: captions, subtitles & transcripts",exclude,(not targeted)
closed caption generator app,50,Unknown,,,,-100%,0%,"Off-topic: captions, subtitles & transcripts",exclude,(not targeted)
instagram subtitle generator,50,Low,9.0,,,0%,0%,"Off-topic: captions, subtitles & transcripts",exclude,(not targeted)
subtitle file generator,50,Medium,34.0,0.25,1.51,0%,0%,"Off-topic: captions, subtitles & transcripts",exclude,(not targeted)
srt file generator free,50,Medium,47.0,0.37,2.21,0%,0%,"Off-topic: captions, subtitles & transcripts",exclude,(not targeted)
auto video subtitle generator,50,Medium,42.0,0.31,2.37,0%,0%,"Off-topic: captions, subtitles & transcripts",exclude,(not targeted)
best automatic subtitle generator,50,High,86.0,,,0%,0%,"Off-topic: captions, subtitles & transcripts",exclude,(not targeted)
subtitle video automatically,50,Medium,43.0,,,0%,0%,"Off-topic: captions, subtitles & transcripts",exclude,(not targeted)
auto subtitle for video,50,Medium,39.0,0.36,2.47,0%,0%,"Off-topic: captions, subtitles & transcripts",exclude,(not targeted)
online subtitle generator free,50,Low,21.0,,,0%,0%,"Off-topic: captions, subtitles & transcripts",exclude,(not targeted)
auto caption generator for video free,50,Medium,55.0,0.47,1.91,0%,0%,"Off-topic: captions, subtitles & transcripts",exclude,(not targeted)
instagram video caption generator,50,Low,26.0,0.34,1.21,0%,0%,"Off-topic: captions, subtitles & transcripts",exclude,(not targeted)
spanish subtitle generator,50,Low,25.0,0.42,6.76,0%,0%,"Off-topic: captions, subtitles & transcripts",exclude,(not targeted)
ai auto subtitle,50,Medium,49.0,0.63,3.37,0%,0%,"Off-topic: captions, subtitles & transcripts",exclude,(not targeted)
automatic video caption generator,50,Medium,45.0,0.06,1.29,0%,0%,"Off-topic: captions, subtitles & transcripts",exclude,(not targeted)
youtube subtitle generator online free,50,Low,22.0,,,0%,0%,"Off-topic: captions, subtitles & transcripts",exclude,(not targeted)
youtube transcript generator free online,50,Low,16.0,0.32,1.86,0%,0%,"Off-topic: captions, subtitles & transcripts",exclude,(not targeted)
srt file creator free,50,Medium,37.0,0.29,1.79,0%,0%,"Off-topic: captions, subtitles & transcripts",exclude,(not targeted)
mp4 subtitle generator,50,Medium,45.0,0.25,2.02,0%,0%,"Off-topic: captions, subtitles & transcripts",exclude,(not targeted)
create srt file for video,50,Medium,64.0,0.83,3.84,0%,0%,"Off-topic: captions, subtitles & transcripts",exclude,(not targeted)
free subtitle generator online,50,Medium,43.0,,,0%,0%,"Off-topic: captions, subtitles & transcripts",exclude,(not targeted)
subtitle generator for videos free,50,High,67.0,0.2,2.02,0%,0%,"Off-topic: captions, subtitles & transcripts",exclude,(not targeted)
online free subtitle generator,50,Medium,43.0,,,0%,0%,"Off-topic: captions, subtitles & transcripts",exclude,(not targeted)
srt subtitle generator,50,Low,26.0,0.22,1.17,0%,0%,"Off-topic: captions, subtitles & transcripts",exclude,(not targeted)
srt generator online,50,Low,0.0,,,0%,0%,"Off-topic: captions, subtitles & transcripts",exclude,(not targeted)
best subtitle generator app,50,Low,0.0,,,900%,900%,"Off-topic: captions, subtitles & transcripts",exclude,(not targeted)
video subtitle generator online,50,Medium,64.0,,,0%,0%,"Off-topic: captions, subtitles & transcripts",exclude,(not targeted)
subtitle generator for youtube,50,Low,22.0,,,0%,0%,"Off-topic: captions, subtitles & transcripts",exclude,(not targeted)
auto english subtitle generator,50,Low,23.0,,,0%,0%,"Off-topic: captions, subtitles & transcripts",exclude,(not targeted)
youtube video transcript generator free online,50,Low,12.0,0.33,1.56,900%,900%,"Off-topic: captions, subtitles & transcripts",exclude,(not targeted)
closed caption auto generator,50,High,86.0,,,0%,0%,"Off-topic: captions, subtitles & transcripts",exclude,(not targeted)
subtitle generator free online,50,Medium,46.0,0.22,0.56,0%,0%,"Off-topic: captions, subtitles & transcripts",exclude,(not targeted)
fcpx subtitle generator,50,Low,26.0,,,0%,0%,"Off-topic: captions, subtitles & transcripts",exclude,(not targeted)
auto caption maker,50,Medium,44.0,0.37,2.22,0%,0%,"Off-topic: captions, subtitles & transcripts",exclude,(not targeted)
best subtitle creator,50,Medium,57.0,,,0%,0%,"Off-topic: captions, subtitles & transcripts",exclude,(not targeted)
video auto subtitle generator,50,Medium,37.0,0.75,3.15,0%,0%,"Off-topic: captions, subtitles & transcripts",exclude,(not targeted)
auto subtitle video free,50,High,93.0,,,0%,0%,"Off-topic: captions, subtitles & transcripts",exclude,(not targeted)
video srt generator,50,Medium,36.0,0.59,2.27,0%,0%,"Off-topic: captions, subtitles & transcripts",exclude,(not targeted)
video english subtitle generator,50,Medium,33.0,,,0%,0%,"Off-topic: captions, subtitles & transcripts",exclude,(not targeted)
automatic subtitle maker,50,Medium,55.0,0.22,1.0,0%,0%,"Off-topic: captions, subtitles & transcripts",exclude,(not targeted)
video subtitle generator online free,50,Medium,50.0,,,0%,0%,"Off-topic: captions, subtitles & transcripts",exclude,(not targeted)
subtitle caption generator,50,Medium,36.0,,,0%,0%,"Off-topic: captions, subtitles & transcripts",exclude,(not targeted)
video with caption maker,50,Low,0.0,,,0%,0%,"Off-topic: captions, subtitles & transcripts",exclude,(not targeted)
subtitle video maker,50,Medium,53.0,0.34,1.89,0%,0%,"Off-topic: captions, subtitles & transcripts",exclude,(not targeted)
srt generator free,50,Medium,35.0,0.2,3.09,0%,0%,"Off-topic: captions, subtitles & transcripts",exclude,(not targeted)
caption generator for youtube,50,Medium,43.0,,,0%,0%,"Off-topic: captions, subtitles & transcripts",exclude,(not targeted)
subtitle automatic,50,Medium,36.0,0.78,2.61,0%,0%,"Off-topic: captions, subtitles & transcripts",exclude,(not targeted)
arabic subtitle generator,50,Low,29.0,,,0%,∞,"Off-topic: captions, subtitles & transcripts",exclude,(not targeted)
auto subtitle maker,50,Medium,55.0,0.22,1.0,0%,0%,"Off-topic: captions, subtitles & transcripts",exclude,(not targeted)
subtitle file creator,50,Low,24.0,0.4,1.82,0%,0%,"Off-topic: captions, subtitles & transcripts",exclude,(not targeted)
free online video subtitle generator,50,Low,17.0,,,0%,0%,"Off-topic: captions, subtitles & transcripts",exclude,(not targeted)
automatic caption generator free,50,Medium,57.0,,,0%,0%,"Off-topic: captions, subtitles & transcripts",exclude,(not targeted)
caption for video editing,50,Medium,52.0,0.89,2.95,0%,0%,"Off-topic: captions, subtitles & transcripts",exclude,(not targeted)
auto srt generator,50,Medium,37.0,0.16,1.38,0%,0%,"Off-topic: captions, subtitles & transcripts",exclude,(not targeted)
subtitle maker app,50,Medium,51.0,0.86,4.55,0%,0%,"Off-topic: captions, subtitles & transcripts",exclude,(not targeted)
free auto subtitle generator online,50,Unknown,,,,0%,-100%,"Off-topic: captions, subtitles & transcripts",exclude,(not targeted)
auto subtitle generator for video,50,Medium,56.0,0.67,3.95,0%,∞,"Off-topic: captions, subtitles & transcripts",exclude,(not targeted)
online auto subtitle generator,50,Low,0.0,,,0%,0%,"Off-topic: captions, subtitles & transcripts",exclude,(not targeted)
free youtube subtitle generator,50,Low,24.0,,,0%,0%,"Off-topic: captions, subtitles & transcripts",exclude,(not targeted)
free video auto subtitle generator,50,Unknown,,,,-100%,-100%,"Off-topic: captions, subtitles & transcripts",exclude,(not targeted)
ai subtitle maker,50,Low,23.0,0.34,2.13,0%,0%,"Off-topic: captions, subtitles & transcripts",exclude,(not targeted)
youtube subtitle generator free,50,Low,6.0,,,0%,0%,"Off-topic: captions, subtitles & transcripts",exclude,(not targeted)
video auto subtitle generator online,50,Low,0.0,,,∞,∞,"Off-topic: captions, subtitles & transcripts",exclude,(not targeted)
automatic subtitle generator online,50,Low,0.0,,,∞,0%,"Off-topic: captions, subtitles & transcripts",exclude,(not targeted)
best free auto subtitle generator,50,High,77.0,0.51,2.25,0%,0%,"Off-topic: captions, subtitles & transcripts",exclude,(not targeted)
chinese subtitle generator,50,Low,29.0,,,0%,0%,"Off-topic: captions, subtitles & transcripts",exclude,(not targeted)
free subtitle generator without watermark,50,Medium,43.0,,,0%,0%,"Off-topic: captions, subtitles & transcripts",exclude,(not targeted)
free subtitle generator for youtube,50,Low,0.0,,,0%,0%,"Off-topic: captions, subtitles & transcripts",exclude,(not targeted)
video subtitle auto generator,50,Unknown,,,,0%,0%,"Off-topic: captions, subtitles & transcripts",exclude,(not targeted)
auto subtitle generator youtube,50,Low,0.0,,,0%,0%,"Off-topic: captions, subtitles & transcripts",exclude,(not targeted)
create srt from video,50,Medium,41.0,0.67,1.89,0%,0%,"Off-topic: captions, subtitles & transcripts",exclude,(not targeted)
korean to english subtitle generator,50,Low,27.0,,,0%,0%,"Off-topic: captions, subtitles & transcripts",exclude,(not targeted)
subtitle generator without watermark,50,Low,29.0,,,∞,0%,"Off-topic: captions, subtitles & transcripts",exclude,(not targeted)
free subtitle generator app,50,Unknown,,,,-100%,-100%,"Off-topic: captions, subtitles & transcripts",exclude,(not targeted)
auto subtitle creator,50,Medium,45.0,0.41,2.59,0%,-90%,"Off-topic: captions, subtitles & transcripts",exclude,(not targeted)
youtube auto subtitle generator,50,Low,5.0,,,0%,0%,"Off-topic: captions, subtitles & transcripts",exclude,(not targeted)
online automatic subtitle generator,50,Low,14.0,,,∞,∞,"Off-topic: captions, subtitles & transcripts",exclude,(not targeted)
automatic subtitle generator for video,50,Low,0.0,,,0%,0%,"Off-topic: captions, subtitles & transcripts",exclude,(not targeted)
automatic subtitle generator youtube,50,Unknown,,,,0%,-100%,"Off-topic: captions, subtitles & transcripts",exclude,(not targeted)
video caption generator online,50,Low,19.0,,,0%,0%,"Off-topic: captions, subtitles & transcripts",exclude,(not targeted)
subtitle generator for free,50,High,86.0,,,0%,0%,"Off-topic: captions, subtitles & transcripts",exclude,(not targeted)
mp4 caption generator,50,Medium,40.0,0.27,1.64,0%,0%,"Off-topic: captions, subtitles & transcripts",exclude,(not targeted)
srt file generator online,50,Unknown,,,,0%,-100%,"Off-topic: captions, subtitles & transcripts",exclude,(not targeted)
subtitle online generator,50,High,76.0,0.64,4.53,0%,0%,"Off-topic: captions, subtitles & transcripts",exclude,(not targeted)
online video subtitle generator free,50,Low,29.0,,,0%,0%,"Off-topic: captions, subtitles & transcripts",exclude,(not targeted)
auto caption generator app,50,High,67.0,,,0%,0%,"Off-topic: captions, subtitles & transcripts",exclude,(not targeted)
auto caption generator online free,50,Unknown,,,,0%,-100%,"Off-topic: captions, subtitles & transcripts",exclude,(not targeted)
auto subtitle generator for windows,50,Unknown,,,,0%,0%,"Off-topic: captions, subtitles & transcripts",exclude,(not targeted)
auto subtitle generator for youtube,50,Medium,52.0,,,0%,0%,"Off-topic: captions, subtitles & transcripts",exclude,(not targeted)
auto subtitle generator free online,50,Medium,50.0,0.32,1.19,0%,0%,"Off-topic: captions, subtitles & transcripts",exclude,(not targeted)
auto subtitle generator instagram,50,Unknown,,,,-100%,-100%,"Off-topic: captions, subtitles & transcripts",exclude,(not targeted)
auto subtitle generator offline,50,Low,0.0,,,∞,0%,"Off-topic: captions, subtitles & transcripts",exclude,(not targeted)
auto subtitle generator video player,50,Unknown,,,,-100%,-100%,"Off-topic: captions, subtitles & transcripts",exclude,(not targeted)
automatic caption generator app,50,Unknown,,,,0%,-100%,"Off-topic: captions, subtitles & transcripts",exclude,(not targeted)
automatic subtitle generator app,50,Unknown,,,,0%,-100%,"Off-topic: captions, subtitles & transcripts",exclude,(not targeted)
automatic subtitle generator offline,50,Unknown,,,,0%,-100%,"Off-topic: captions, subtitles & transcripts",exclude,(not targeted)
best free automatic subtitle generator,50,High,86.0,,,0%,0%,"Off-topic: captions, subtitles & transcripts",exclude,(not targeted)
best subtitle maker,50,Low,2.0,,,900%,900%,"Off-topic: captions, subtitles & transcripts",exclude,(not targeted)
caption maker for youtube,50,Low,1.0,,,0%,0%,"Off-topic: captions, subtitles & transcripts",exclude,(not targeted)
caption maker online,50,Low,8.0,,,0%,0%,"Off-topic: captions, subtitles & transcripts",exclude,(not targeted)
create srt file automatically,50,High,86.0,,,∞,∞,"Off-topic: captions, subtitles & transcripts",exclude,(not targeted)
easy subtitle maker,50,High,86.0,,,0%,0%,"Off-topic: captions, subtitles & transcripts",exclude,(not targeted)
english subtitle generator online,50,Unknown,,,,0%,0%,"Off-topic: captions, subtitles & transcripts",exclude,(not targeted)
flixier auto subtitle,50,Unknown,,,,-100%,-100%,"Off-topic: captions, subtitles & transcripts",exclude,(not targeted)
free automatic subtitle generator online,50,Low,0.0,,,0%,0%,"Off-topic: captions, subtitles & transcripts",exclude,(not targeted)
free online auto subtitle generator,50,Low,21.0,,,∞,0%,"Off-topic: captions, subtitles & transcripts",exclude,(not targeted)
free online subtitle maker,50,High,71.0,,,0%,0%,"Off-topic: captions, subtitles & transcripts",exclude,(not targeted)
free srt creator,50,Unknown,,,,-100%,-100%,"Off-topic: captions, subtitles & transcripts",exclude,(not targeted)
free video subtitle maker,50,Low,18.0,,,0%,0%,"Off-topic: captions, subtitles & transcripts",exclude,(not targeted)
hindi subtitle generator,50,Medium,43.0,,,0%,0%,"Off-topic: captions, subtitles & transcripts",exclude,(not targeted)
japanese subtitle generator,50,Low,15.0,,,0%,0%,"Off-topic: captions, subtitles & transcripts",exclude,(not targeted)
malay subtitle generator,50,Unknown,,,,0%,0%,"Off-topic: captions, subtitles & transcripts",exclude,(not targeted)
mp3 subtitle generator,50,Low,23.0,0.17,1.94,0%,0%,"Off-topic: captions, subtitles & transcripts",exclude,(not targeted)
offline subtitle generator,50,Low,2.0,,,0%,0%,"Off-topic: captions, subtitles & transcripts",exclude,(not targeted)
online auto subtitle generator free,50,Low,0.0,,,0%,∞,"Off-topic: captions, subtitles & transcripts",exclude,(not targeted)
online srt creator,50,Low,19.0,0.75,1.91,0%,0%,"Off-topic: captions, subtitles & transcripts",exclude,(not targeted)
online srt generator,50,Low,19.0,,,0%,0%,"Off-topic: captions, subtitles & transcripts",exclude,(not targeted)
online srt maker,50,Unknown,,,,-100%,-100%,"Off-topic: captions, subtitles & transcripts",exclude,(not targeted)
online subtitle generator for video,50,High,86.0,,,0%,∞,"Off-topic: captions, subtitles & transcripts",exclude,(not targeted)
online video subtitle maker,50,Low,0.0,,,0%,0%,"Off-topic: captions, subtitles & transcripts",exclude,(not targeted)
online youtube subtitle generator,50,Unknown,,,,-100%,0%,"Off-topic: captions, subtitles & transcripts",exclude,(not targeted)
srt creator online,50,Low,19.0,0.75,1.91,0%,0%,"Off-topic: captions, subtitles & transcripts",exclude,(not targeted)
srt generator online free,50,Unknown,,,,-100%,-100%,"Off-topic: captions, subtitles & transcripts",exclude,(not targeted)
srt subtitle maker,50,Medium,40.0,,,0%,0%,"Off-topic: captions, subtitles & transcripts",exclude,(not targeted)
subtitle auto generator free,50,High,76.0,0.45,1.29,0%,0%,"Off-topic: captions, subtitles & transcripts",exclude,(not targeted)
subtitle auto generator online,50,Unknown,,,,0%,0%,"Off-topic: captions, subtitles & transcripts",exclude,(not targeted)
subtitle creator mac,50,Low,9.0,,,0%,0%,"Off-topic: captions, subtitles & transcripts",exclude,(not targeted)
subtitle creator online free,50,High,86.0,0.28,1.74,0%,∞,"Off-topic: captions, subtitles & transcripts",exclude,(not targeted)
subtitle generator from video free,50,Unknown,,,,-100%,-100%,"Off-topic: captions, subtitles & transcripts",exclude,(not targeted)
subtitle generator mac,50,Medium,43.0,,,0%,0%,"Off-topic: captions, subtitles & transcripts",exclude,(not targeted)
subtitle generator offline,50,Low,0.0,,,0%,∞,"Off-topic: captions, subtitles & transcripts",exclude,(not targeted)
subtitle generator python,50,Unknown,,,,-100%,-100%,"Off-topic: captions, subtitles & transcripts",exclude,(not targeted)
subtitle maker for youtube,50,Low,7.0,,,0%,0%,"Off-topic: captions, subtitles & transcripts",exclude,(not targeted)
subtitle maker from video,50,Low,22.0,,,0%,∞,"Off-topic: captions, subtitles & transcripts",exclude,(not targeted)
subtitle maker online free,50,Unknown,,,,-100%,0%,"Off-topic: captions, subtitles & transcripts",exclude,(not targeted)
subtitle youtube generator,50,Low,11.0,,,0%,0%,"Off-topic: captions, subtitles & transcripts",exclude,(not targeted)
video subtitle generator free online,50,Medium,65.0,0.55,2.55,0%,0%,"Off-topic: captions, subtitles & transcripts",exclude,(not targeted)
windows subtitle generator,50,Low,21.0,,,0%,0%,"Off-topic: captions, subtitles & transcripts",exclude,(not targeted)
youtube caption creator,50,Low,14.0,,,0%,0%,"Off-topic: captions, subtitles & transcripts",exclude,(not targeted)
youtube caption maker,50,Low,1.0,,,0%,0%,"Off-topic: captions, subtitles & transcripts",exclude,(not targeted)
youtube srt generator,50,Low,9.0,,,0%,0%,"Off-topic: captions, subtitles & transcripts",exclude,(not targeted)
youtube subtitle auto generator,50,Unknown,,,,-100%,0%,"Off-topic: captions, subtitles & transcripts",exclude,(not targeted)
youtube subtitle generator online,50,Unknown,,,,0%,-100%,"Off-topic: captions, subtitles & transcripts",exclude,(not targeted)
youtube subtitle maker,50,Low,1.0,,,0%,0%,"Off-topic: captions, subtitles & transcripts",exclude,(not targeted)
youtube video auto subtitle generator,50,Medium,57.0,,,0%,0%,"Off-topic: captions, subtitles & transcripts",exclude,(not targeted)
youtube video subtitle generator online,50,Unknown,,,,0%,-100%,"Off-topic: captions, subtitles & transcripts",exclude,(not targeted)
youtube video subtitle generator online free,50,Unknown,,,,-100%,0%,"Off-topic: captions, subtitles & transcripts",exclude,(not targeted)
youtube video transcript generator online,50,Low,29.0,,,0%,0%,"Off-topic: captions, subtitles & transcripts",exclude,(not targeted)
ai music video generator,50000,Medium,63.0,1.48,6.98,-90%,0%,"Off-topic: cartoon, anime, music & lyric video",exclude,(not targeted)
intro maker,5000,Low,28.0,0.4,2.57,0%,0%,"Off-topic: cartoon, anime, music & lyric video",exclude,(not targeted)
youtube intro maker,5000,Medium,39.0,0.57,2.82,0%,0%,"Off-topic: cartoon, anime, music & lyric video",exclude,(not targeted)
animated video maker,5000,Medium,59.0,1.25,5.44,0%,0%,"Off-topic: cartoon, anime, music & lyric video",exclude,(not targeted)
lyric video maker,5000,Medium,54.0,0.55,3.27,0%,0%,"Off-topic: cartoon, anime, music & lyric video",exclude,(not targeted)
music video maker,5000,Medium,57.0,0.98,5.59,0%,0%,"Off-topic: cartoon, anime, music & lyric video",exclude,(not targeted)
youtube intro maker free,5000,Medium,45.0,0.47,2.62,0%,0%,"Off-topic: cartoon, anime, music & lyric video",exclude,(not targeted)
online animation maker,5000,Low,13.0,0.96,4.46,0%,0%,"Off-topic: cartoon, anime, music & lyric video",exclude,(not targeted)
ai animation video generator,5000,High,69.0,1.45,6.25,0%,0%,"Off-topic: cartoon, anime, music & lyric video",exclude,(not targeted)
cartoon video maker,5000,Medium,59.0,1.25,5.44,0%,0%,"Off-topic: cartoon, anime, music & lyric video",exclude,(not targeted)
animation maker free,5000,Low,32.0,0.7,3.02,0%,0%,"Off-topic: cartoon, anime, music & lyric video",exclude,(not targeted)
create animated video,5000,Medium,61.0,1.43,7.33,0%,0%,"Off-topic: cartoon, anime, music & lyric video",exclude,(not targeted)
lyric video creator,5000,Medium,54.0,0.55,3.27,0%,0%,"Off-topic: cartoon, anime, music & lyric video",exclude,(not targeted)
free animated video maker,5000,High,69.0,0.76,3.5,900%,0%,"Off-topic: cartoon, anime, music & lyric video",exclude,(not targeted)
lyric video generator,5000,Medium,54.0,0.55,3.27,0%,0%,"Off-topic: cartoon, anime, music & lyric video",exclude,(not targeted)
intro creator,5000,Low,28.0,0.4,2.57,0%,0%,"Off-topic: cartoon, anime, music & lyric video",exclude,(not targeted)
music video generator,5000,Medium,66.0,1.21,7.01,0%,900%,"Off-topic: cartoon, anime, music & lyric video",exclude,(not targeted)
free online animation maker,5000,Low,19.0,0.67,2.96,0%,-90%,"Off-topic: cartoon, anime, music & lyric video",exclude,(not targeted)
create animations,5000,Medium,41.0,1.14,4.3,900%,0%,"Off-topic: cartoon, anime, music & lyric video",exclude,(not targeted)
music video app,5000,Low,27.0,1.0,3.74,0%,0%,"Off-topic: cartoon, anime, music & lyric video",exclude,(not targeted)
free lyric video maker,5000,Medium,53.0,0.4,2.13,0%,0%,"Off-topic: cartoon, anime, music & lyric video",exclude,(not targeted)
youtube intro creator,5000,Medium,39.0,0.57,2.82,0%,0%,"Off-topic: cartoon, anime, music & lyric video",exclude,(not targeted)
ai animated video generator,5000,High,69.0,1.45,6.25,0%,0%,"Off-topic: cartoon, anime, music & lyric video",exclude,(not targeted)
ai music video generator free,5000,High,69.0,0.95,3.77,0%,0%,"Off-topic: cartoon, anime, music & lyric video",exclude,(not targeted)
cartoon video creator,5000,Medium,59.0,1.25,5.44,0%,0%,"Off-topic: cartoon, anime, music & lyric video",exclude,(not targeted)
cartoon video maker free,5000,High,69.0,0.76,3.5,900%,0%,"Off-topic: cartoon, anime, music & lyric video",exclude,(not targeted)
best ai music video generator,5000,High,72.0,2.29,10.75,0%,900%,"Off-topic: cartoon, anime, music & lyric video",exclude,(not targeted)
cartoon video generator,5000,Medium,59.0,1.25,5.44,0%,0%,"Off-topic: cartoon, anime, music & lyric video",exclude,(not targeted)
free youtube intro generator,5000,Medium,45.0,0.47,2.62,0%,0%,"Off-topic: cartoon, anime, music & lyric video",exclude,(not targeted)
make a gif from a youtube video,5000,Low,2.0,1.26,3.88,0%,0%,"Off-topic: cartoon, anime, music & lyric video",exclude,(not targeted)
video memes generator,5000,Low,9.0,0.54,2.02,0%,0%,"Off-topic: cartoon, anime, music & lyric video",exclude,(not targeted)
video memes maker,5000,Low,9.0,0.54,2.02,0%,0%,"Off-topic: cartoon, anime, music & lyric video",exclude,(not targeted)
youtube video into gif,5000,Low,0.0,3.08,5.84,0%,0%,"Off-topic: cartoon, anime, music & lyric video",exclude,(not targeted)
birthday video maker,500,Medium,63.0,0.59,2.71,0%,-90%,"Off-topic: cartoon, anime, music & lyric video",exclude,(not targeted)
free intro maker,500,Medium,42.0,0.42,3.02,0%,0%,"Off-topic: cartoon, anime, music & lyric video",exclude,(not targeted)
video intro maker,500,Medium,62.0,0.8,4.4,0%,-90%,"Off-topic: cartoon, anime, music & lyric video",exclude,(not targeted)
wedding video editor,500,Medium,59.0,2.68,9.73,0%,0%,"Off-topic: cartoon, anime, music & lyric video",exclude,(not targeted)
music video editor,500,Medium,49.0,0.93,4.07,0%,-90%,"Off-topic: cartoon, anime, music & lyric video",exclude,(not targeted)
animated explainer video maker,500,Medium,64.0,2.97,21.05,0%,0%,"Off-topic: cartoon, anime, music & lyric video",exclude,(not targeted)
video invitation maker,500,High,98.0,0.61,2.05,0%,0%,"Off-topic: cartoon, anime, music & lyric video",exclude,(not targeted)
animated presentation maker,500,Medium,51.0,1.07,4.15,0%,-90%,"Off-topic: cartoon, anime, music & lyric video",exclude,(not targeted)
outro maker,500,Low,23.0,0.35,2.36,0%,0%,"Off-topic: cartoon, anime, music & lyric video",exclude,(not targeted)
3d video maker,500,Medium,46.0,1.06,4.55,0%,0%,"Off-topic: cartoon, anime, music & lyric video",exclude,(not targeted)
ai animated video maker,500,High,70.0,1.4,8.4,0%,0%,"Off-topic: cartoon, anime, music & lyric video",exclude,(not targeted)
ai cartoon video generator,500,High,68.0,1.25,6.2,0%,-90%,"Off-topic: cartoon, anime, music & lyric video",exclude,(not targeted)
intro maker online,500,Low,20.0,0.55,2.37,0%,-90%,"Off-topic: cartoon, anime, music & lyric video",exclude,(not targeted)
ai video animation generator,500,Medium,65.0,1.53,6.86,0%,0%,"Off-topic: cartoon, anime, music & lyric video",exclude,(not targeted)
youtube video intro maker,500,Medium,64.0,0.82,4.0,0%,0%,"Off-topic: cartoon, anime, music & lyric video",exclude,(not targeted)
3d intro maker,500,Low,10.0,0.71,3.2,0%,0%,"Off-topic: cartoon, anime, music & lyric video",exclude,(not targeted)
free video intro maker,500,Medium,61.0,0.64,2.86,0%,0%,"Off-topic: cartoon, anime, music & lyric video",exclude,(not targeted)
movie trailer maker,500,Medium,47.0,0.75,3.57,0%,0%,"Off-topic: cartoon, anime, music & lyric video",exclude,(not targeted)
logo intro maker,500,Medium,41.0,0.91,4.68,900%,0%,"Off-topic: cartoon, anime, music & lyric video",exclude,(not targeted)
video animation app,500,Medium,37.0,1.21,4.0,0%,0%,"Off-topic: cartoon, anime, music & lyric video",exclude,(not targeted)
best lyric video maker,500,Medium,66.0,1.28,4.84,0%,0%,"Off-topic: cartoon, anime, music & lyric video",exclude,(not targeted)
wedding video maker,500,Medium,60.0,1.5,4.95,-90%,-90%,"Off-topic: cartoon, anime, music & lyric video",exclude,(not targeted)
gaming intro maker,500,Low,5.0,0.25,3.02,0%,0%,"Off-topic: cartoon, anime, music & lyric video",exclude,(not targeted)
ai animation maker,500,Medium,61.0,0.75,3.98,0%,0%,"Off-topic: cartoon, anime, music & lyric video",exclude,(not targeted)
free youtube intro,500,Low,31.0,0.34,2.52,0%,0%,"Off-topic: cartoon, anime, music & lyric video",exclude,(not targeted)
youtube outro maker,500,Low,17.0,0.47,2.52,0%,0%,"Off-topic: cartoon, anime, music & lyric video",exclude,(not targeted)
free video intro,500,Medium,49.0,0.52,3.0,0%,0%,"Off-topic: cartoon, anime, music & lyric video",exclude,(not targeted)
video invitation,500,High,98.0,0.47,2.11,0%,0%,"Off-topic: cartoon, anime, music & lyric video",exclude,(not targeted)
intro generator,500,Low,25.0,0.5,2.27,0%,0%,"Off-topic: cartoon, anime, music & lyric video",exclude,(not targeted)
ai lyric video maker,500,Medium,62.0,0.85,3.86,0%,0%,"Off-topic: cartoon, anime, music & lyric video",exclude,(not targeted)
dj intro maker,500,Medium,53.0,0.83,2.65,900%,0%,"Off-topic: cartoon, anime, music & lyric video",exclude,(not targeted)
movie intro maker,500,Low,15.0,0.46,3.48,0%,0%,"Off-topic: cartoon, anime, music & lyric video",exclude,(not targeted)
animated intro maker,500,Medium,44.0,0.71,3.42,0%,0%,"Off-topic: cartoon, anime, music & lyric video",exclude,(not targeted)
youtube animation maker,500,Medium,38.0,1.02,3.23,0%,0%,"Off-topic: cartoon, anime, music & lyric video",exclude,(not targeted)
intro and outro maker,500,Low,31.0,0.45,2.26,0%,-90%,"Off-topic: cartoon, anime, music & lyric video",exclude,(not targeted)
animated ai video generator,500,Medium,61.0,0.94,5.19,0%,0%,"Off-topic: cartoon, anime, music & lyric video",exclude,(not targeted)
ai intro maker,500,High,70.0,1.1,4.9,0%,0%,"Off-topic: cartoon, anime, music & lyric video",exclude,(not targeted)
youtube intro generator,500,Medium,35.0,0.47,2.41,0%,0%,"Off-topic: cartoon, anime, music & lyric video",exclude,(not targeted)
ai animation video generator free,500,High,67.0,0.86,3.36,0%,0%,"Off-topic: cartoon, anime, music & lyric video",exclude,(not targeted)
ai lyric video,500,Medium,65.0,0.67,3.69,0%,0%,"Off-topic: cartoon, anime, music & lyric video",exclude,(not targeted)
video invitation maker free,500,Medium,61.0,0.41,2.05,0%,0%,"Off-topic: cartoon, anime, music & lyric video",exclude,(not targeted)
marvel intro maker,500,Low,9.0,0.7,3.18,0%,0%,"Off-topic: cartoon, anime, music & lyric video",exclude,(not targeted)
intro editor,500,Low,10.0,0.58,4.86,0%,0%,"Off-topic: cartoon, anime, music & lyric video",exclude,(not targeted)
ai generated animated videos,500,Medium,42.0,1.54,7.2,0%,-90%,"Off-topic: cartoon, anime, music & lyric video",exclude,(not targeted)
intro video for youtube,500,Low,33.0,0.49,2.73,0%,0%,"Off-topic: cartoon, anime, music & lyric video",exclude,(not targeted)
lyric video generator ai,500,Medium,58.0,0.81,3.39,0%,-90%,"Off-topic: cartoon, anime, music & lyric video",exclude,(not targeted)
video intro generator,500,Medium,62.0,0.8,4.4,0%,-90%,"Off-topic: cartoon, anime, music & lyric video",exclude,(not targeted)
best ai animation generator,500,High,67.0,2.04,8.79,0%,0%,"Off-topic: cartoon, anime, music & lyric video",exclude,(not targeted)
ai anime video generator,500,Medium,51.0,0.71,3.76,0%,0%,"Off-topic: cartoon, anime, music & lyric video",exclude,(not targeted)
animated video ai,500,High,70.0,1.16,5.43,0%,0%,"Off-topic: cartoon, anime, music & lyric video",exclude,(not targeted)
free outro maker,500,Low,23.0,0.34,2.5,900%,0%,"Off-topic: cartoon, anime, music & lyric video",exclude,(not targeted)
ai lyric video generator,500,Medium,51.0,0.77,3.75,0%,0%,"Off-topic: cartoon, anime, music & lyric video",exclude,(not targeted)
invitation video maker online free,500,Medium,57.0,0.49,2.12,0%,0%,"Off-topic: cartoon, anime, music & lyric video",exclude,(not targeted)
ai animated video,500,Medium,63.0,1.23,4.93,0%,0%,"Off-topic: cartoon, anime, music & lyric video",exclude,(not targeted)
video to cartoon converter,500,Low,32.0,0.36,2.3,900%,0%,"Off-topic: cartoon, anime, music & lyric video",exclude,(not targeted)
animation video editor,500,Medium,37.0,1.28,6.86,0%,0%,"Off-topic: cartoon, anime, music & lyric video",exclude,(not targeted)
intro outro maker,500,Low,31.0,0.45,2.26,0%,-90%,"Off-topic: cartoon, anime, music & lyric video",exclude,(not targeted)
intro creator free,500,Medium,42.0,0.42,3.02,0%,0%,"Off-topic: cartoon, anime, music & lyric video",exclude,(not targeted)
birthday videos free,500,Medium,34.0,0.57,1.77,0%,0%,"Off-topic: cartoon, anime, music & lyric video",exclude,(not targeted)
animated video generator,500,Medium,65.0,1.32,5.91,0%,0%,"Off-topic: cartoon, anime, music & lyric video",exclude,(not targeted)
animation video maker online free,500,Medium,59.0,0.81,3.75,0%,-90%,"Off-topic: cartoon, anime, music & lyric video",exclude,(not targeted)
online video intro maker,500,Low,20.0,0.55,2.37,0%,-90%,"Off-topic: cartoon, anime, music & lyric video",exclude,(not targeted)
outro for youtube,500,Low,12.0,0.27,2.9,0%,0%,"Off-topic: cartoon, anime, music & lyric video",exclude,(not targeted)
ai animated videos,500,Low,23.0,0.85,4.8,0%,0%,"Off-topic: cartoon, anime, music & lyric video",exclude,(not targeted)
intro maker app,500,Low,2.0,1.3,19.36,0%,0%,"Off-topic: cartoon, anime, music & lyric video",exclude,(not targeted)
music video maker ai,500,High,70.0,1.25,5.53,0%,0%,"Off-topic: cartoon, anime, music & lyric video",exclude,(not targeted)
lyric video ai,500,Medium,56.0,0.71,4.08,0%,-90%,"Off-topic: cartoon, anime, music & lyric video",exclude,(not targeted)
online 2d animation maker,500,Low,9.0,0.65,4.45,0%,0%,"Off-topic: cartoon, anime, music & lyric video",exclude,(not targeted)
ai youtube intro maker,500,High,70.0,0.86,3.96,0%,0%,"Off-topic: cartoon, anime, music & lyric video",exclude,(not targeted)
3d video generator,500,Medium,65.0,1.02,6.55,0%,0%,"Off-topic: cartoon, anime, music & lyric video",exclude,(not targeted)
best music video app,500,Medium,49.0,1.35,4.59,0%,-90%,"Off-topic: cartoon, anime, music & lyric video",exclude,(not targeted)
ai cartoon video generator free,500,High,67.0,0.76,3.12,0%,0%,"Off-topic: cartoon, anime, music & lyric video",exclude,(not targeted)
gif maker with sound,500,Low,3.0,0.31,1.75,0%,0%,"Off-topic: cartoon, anime, music & lyric video",exclude,(not targeted)
3d intro maker free no watermark,500,Medium,34.0,0.47,3.03,-90%,-90%,"Off-topic: cartoon, anime, music & lyric video",exclude,(not targeted)
outro youtube,500,Low,3.0,0.47,2.22,0%,0%,"Off-topic: cartoon, anime, music & lyric video",exclude,(not targeted)
add meme text to video,500,Low,1.0,,,0%,0%,"Off-topic: cartoon, anime, music & lyric video",exclude,(not targeted)
logo intro creator,500,Medium,41.0,0.91,4.68,900%,0%,"Off-topic: cartoon, anime, music & lyric video",exclude,(not targeted)
lyric video generator free,500,Medium,49.0,0.52,2.57,-90%,-90%,"Off-topic: cartoon, anime, music & lyric video",exclude,(not targeted)
anime ai video generator,500,Medium,61.0,0.94,5.19,0%,0%,"Off-topic: cartoon, anime, music & lyric video",exclude,(not targeted)
ai movie trailer generator,500,Medium,61.0,1.01,4.64,0%,0%,"Off-topic: cartoon, anime, music & lyric video",exclude,(not targeted)
free lyric video generator,500,Medium,63.0,0.47,2.29,0%,0%,"Off-topic: cartoon, anime, music & lyric video",exclude,(not targeted)
free intro generator,500,Medium,42.0,0.42,3.02,0%,0%,"Off-topic: cartoon, anime, music & lyric video",exclude,(not targeted)
logo intro generator,500,Medium,41.0,0.91,4.68,900%,0%,"Off-topic: cartoon, anime, music & lyric video",exclude,(not targeted)
anime video generator,500,Medium,52.0,0.66,3.65,0%,0%,"Off-topic: cartoon, anime, music & lyric video",exclude,(not targeted)
ai cartoon video,500,Medium,35.0,1.15,4.61,0%,0%,"Off-topic: cartoon, anime, music & lyric video",exclude,(not targeted)
intro video maker online free,500,Low,23.0,0.46,2.05,0%,-90%,"Off-topic: cartoon, anime, music & lyric video",exclude,(not targeted)
video lyrics generator,500,Medium,34.0,0.41,2.46,0%,900%,"Off-topic: cartoon, anime, music & lyric video",exclude,(not targeted)
3d intro generator,500,Low,10.0,0.71,3.2,0%,0%,"Off-topic: cartoon, anime, music & lyric video",exclude,(not targeted)
ai anime video,500,Low,23.0,0.85,4.8,0%,0%,"Off-topic: cartoon, anime, music & lyric video",exclude,(not targeted)
logo and intro maker,500,Medium,41.0,0.91,4.68,900%,0%,"Off-topic: cartoon, anime, music & lyric video",exclude,(not targeted)
ai video anime,500,Medium,46.0,1.11,6.56,0%,0%,"Off-topic: cartoon, anime, music & lyric video",exclude,(not targeted)
create gif from youtube video,500,Low,2.0,1.13,4.81,0%,0%,"Off-topic: cartoon, anime, music & lyric video",exclude,(not targeted)
intro generator online,500,Low,20.0,0.55,2.37,0%,-90%,"Off-topic: cartoon, anime, music & lyric video",exclude,(not targeted)
make gif out of youtube video,500,Low,2.0,,,0%,0%,"Off-topic: cartoon, anime, music & lyric video",exclude,(not targeted)
memes video template,500,Low,4.0,0.87,2.23,0%,0%,"Off-topic: cartoon, anime, music & lyric video",exclude,(not targeted)
photo music video,500,Low,32.0,0.68,2.45,0%,0%,"Off-topic: cartoon, anime, music & lyric video",exclude,(not targeted)
make your own animation free,50,Medium,39.0,0.66,2.33,0%,0%,"Off-topic: cartoon, anime, music & lyric video",exclude,(not targeted)
animated music video maker,50,High,74.0,1.88,7.2,-90%,-90%,"Off-topic: cartoon, anime, music & lyric video",exclude,(not targeted)
3d animation video maker,50,Medium,48.0,1.51,7.82,0%,0%,"Off-topic: cartoon, anime, music & lyric video",exclude,(not targeted)
intro maker online free,50,Medium,36.0,,,0%,0%,"Off-topic: cartoon, anime, music & lyric video",exclude,(not targeted)
youtube intro maker online free,50,Low,21.0,0.3,1.44,0%,-90%,"Off-topic: cartoon, anime, music & lyric video",exclude,(not targeted)
birthday video maker app,50,Low,20.0,0.14,1.46,0%,-90%,"Off-topic: cartoon, anime, music & lyric video",exclude,(not targeted)
online animated video maker,50,Medium,41.0,1.17,4.76,0%,-90%,"Off-topic: cartoon, anime, music & lyric video",exclude,(not targeted)
best animated video maker,50,Medium,64.0,1.84,9.42,0%,0%,"Off-topic: cartoon, anime, music & lyric video",exclude,(not targeted)
best youtube intro maker,50,Medium,63.0,1.08,4.24,0%,0%,"Off-topic: cartoon, anime, music & lyric video",exclude,(not targeted)
cartoon video maker app,50,Low,30.0,1.42,2.95,0%,0%,"Off-topic: cartoon, anime, music & lyric video",exclude,(not targeted)
create intro video,50,High,72.0,0.79,6.05,0%,0%,"Off-topic: cartoon, anime, music & lyric video",exclude,(not targeted)
best birthday video maker,50,Medium,60.0,1.16,4.9,0%,0%,"Off-topic: cartoon, anime, music & lyric video",exclude,(not targeted)
youtube channel intro maker,50,Medium,54.0,0.42,2.09,0%,0%,"Off-topic: cartoon, anime, music & lyric video",exclude,(not targeted)
lyric video maker app,50,Low,25.0,1.09,2.94,0%,0%,"Off-topic: cartoon, anime, music & lyric video",exclude,(not targeted)
text to animated video ai,50,Medium,57.0,2.27,8.11,0%,0%,"Off-topic: cartoon, anime, music & lyric video",exclude,(not targeted)
animated ad maker,50,High,78.0,6.29,18.96,0%,0%,"Off-topic: cartoon, anime, music & lyric video",exclude,(not targeted)
music video maker online,50,Medium,47.0,0.86,4.23,0%,-90%,"Off-topic: cartoon, anime, music & lyric video",exclude,(not targeted)
video meme maker app,50,Low,12.0,0.56,2.19,0%,-90%,"Off-topic: cartoon, anime, music & lyric video",exclude,(not targeted)
animation video maker app free,50,Medium,43.0,,,0%,0%,"Off-topic: cartoon, anime, music & lyric video",exclude,(not targeted)
free animated presentation maker,50,Medium,53.0,0.91,4.68,0%,0%,"Off-topic: cartoon, anime, music & lyric video",exclude,(not targeted)
custom intro maker,50,Low,29.0,0.47,3.0,0%,0%,"Off-topic: cartoon, anime, music & lyric video",exclude,(not targeted)
make your own intro,50,Low,17.0,0.6,2.44,0%,-90%,"Off-topic: cartoon, anime, music & lyric video",exclude,(not targeted)
free youtube intro maker no watermark,50,Low,26.0,0.51,3.89,0%,-90%,"Off-topic: cartoon, anime, music & lyric video",exclude,(not targeted)
aurora 3d animation maker,50,Low,10.0,0.87,4.83,0%,0%,"Off-topic: cartoon, anime, music & lyric video",exclude,(not targeted)
motionden intro maker,50,Low,29.0,,,0%,0%,"Off-topic: cartoon, anime, music & lyric video",exclude,(not targeted)
best free lyric video maker,50,Medium,56.0,0.43,2.32,0%,0%,"Off-topic: cartoon, anime, music & lyric video",exclude,(not targeted)
ai 3d video generator,50,High,67.0,1.21,6.35,0%,0%,"Off-topic: cartoon, anime, music & lyric video",exclude,(not targeted)
free logo intro maker,50,Medium,38.0,0.48,2.82,0%,-90%,"Off-topic: cartoon, anime, music & lyric video",exclude,(not targeted)
birthday video app,50,Medium,61.0,1.0,3.93,0%,0%,"Off-topic: cartoon, anime, music & lyric video",exclude,(not targeted)
youtube lyric video maker,50,Medium,52.0,0.64,3.25,0%,0%,"Off-topic: cartoon, anime, music & lyric video",exclude,(not targeted)
birthday video maker with song,50,Medium,42.0,0.48,1.63,0%,0%,"Off-topic: cartoon, anime, music & lyric video",exclude,(not targeted)
intro maker no watermark,50,Low,18.0,,,0%,0%,"Off-topic: cartoon, anime, music & lyric video",exclude,(not targeted)
animated video maker app,50,Low,33.0,1.75,15.75,0%,0%,"Off-topic: cartoon, anime, music & lyric video",exclude,(not targeted)
online birthday video maker with photos,50,Low,0.0,,,0%,0%,"Off-topic: cartoon, anime, music & lyric video",exclude,(not targeted)
best intro maker,50,Medium,37.0,0.45,2.11,0%,0%,"Off-topic: cartoon, anime, music & lyric video",exclude,(not targeted)
online birthday video maker with photos and songs,50,Medium,55.0,0.53,2.1,0%,-90%,"Off-topic: cartoon, anime, music & lyric video",exclude,(not targeted)
movie intro maker free,50,Low,29.0,0.42,2.02,0%,-90%,"Off-topic: cartoon, anime, music & lyric video",exclude,(not targeted)
text animation video maker,50,Medium,46.0,0.84,2.02,0%,0%,"Off-topic: cartoon, anime, music & lyric video",exclude,(not targeted)
twitch intro maker,50,Medium,44.0,0.69,2.85,0%,0%,"Off-topic: cartoon, anime, music & lyric video",exclude,(not targeted)
gaming intro maker free no watermark,50,Low,7.0,,,0%,0%,"Off-topic: cartoon, anime, music & lyric video",exclude,(not targeted)
vidos photo music video editor,50,Low,0.0,,,0%,0%,"Off-topic: cartoon, anime, music & lyric video",exclude,(not targeted)
vlog intro maker,50,Medium,34.0,,,0%,0%,"Off-topic: cartoon, anime, music & lyric video",exclude,(not targeted)
best birthday video maker app,50,Low,28.0,0.51,2.39,0%,0%,"Off-topic: cartoon, anime, music & lyric video",exclude,(not targeted)
animated text video maker online free,50,Low,0.0,,,0%,0%,"Off-topic: cartoon, anime, music & lyric video",exclude,(not targeted)
birthday invitation video maker online free,50,Low,28.0,0.26,0.98,0%,0%,"Off-topic: cartoon, anime, music & lyric video",exclude,(not targeted)
lyric music video generator,50,Medium,59.0,0.96,4.89,0%,0%,"Off-topic: cartoon, anime, music & lyric video",exclude,(not targeted)
invitation video maker app,50,Medium,37.0,0.41,1.34,0%,0%,"Off-topic: cartoon, anime, music & lyric video",exclude,(not targeted)
youtube trailer maker,50,Medium,50.0,0.61,1.4,0%,0%,"Off-topic: cartoon, anime, music & lyric video",exclude,(not targeted)
3d video editor,50,Low,21.0,0.93,5.78,0%,900%,"Off-topic: cartoon, anime, music & lyric video",exclude,(not targeted)
channel intro maker,50,Low,32.0,0.43,2.27,0%,0%,"Off-topic: cartoon, anime, music & lyric video",exclude,(not targeted)
happy birthday video generator,50,Medium,46.0,0.94,2.13,0%,0%,"Off-topic: cartoon, anime, music & lyric video",exclude,(not targeted)
create birthday invitation video online free,50,Medium,55.0,0.29,1.08,0%,0%,"Off-topic: cartoon, anime, music & lyric video",exclude,(not targeted)
intro for youtube channel,50,Medium,43.0,0.68,3.19,0%,0%,"Off-topic: cartoon, anime, music & lyric video",exclude,(not targeted)
text to animation video ai,50,Medium,57.0,2.27,8.11,0%,0%,"Off-topic: cartoon, anime, music & lyric video",exclude,(not targeted)
best animation maker,50,Medium,35.0,1.84,6.9,0%,0%,"Off-topic: cartoon, anime, music & lyric video",exclude,(not targeted)
cartoon video editor,50,Low,23.0,0.85,2.15,0%,0%,"Off-topic: cartoon, anime, music & lyric video",exclude,(not targeted)
3d intro maker free,50,Low,18.0,0.43,3.4,0%,0%,"Off-topic: cartoon, anime, music & lyric video",exclude,(not targeted)
birthday video maker app free,50,Unknown,,,,-100%,-100%,"Off-topic: cartoon, anime, music & lyric video",exclude,(not targeted)
best online animation maker,50,Low,0.0,,,0%,0%,"Off-topic: cartoon, anime, music & lyric video",exclude,(not targeted)
create a video intro with your logo,50,High,86.0,2.25,7.32,0%,0%,"Off-topic: cartoon, anime, music & lyric video",exclude,(not targeted)
online video invitation maker,50,High,95.0,0.4,4.14,0%,0%,"Off-topic: cartoon, anime, music & lyric video",exclude,(not targeted)
ai generated lyric video,50,High,79.0,1.07,7.08,0%,0%,"Off-topic: cartoon, anime, music & lyric video",exclude,(not targeted)
best lyric video maker app,50,Low,11.0,1.01,3.46,0%,0%,"Off-topic: cartoon, anime, music & lyric video",exclude,(not targeted)
wedding anniversary video maker,50,Low,29.0,0.89,2.01,0%,0%,"Off-topic: cartoon, anime, music & lyric video",exclude,(not targeted)
video invitation card,50,High,98.0,0.73,2.57,0%,0%,"Off-topic: cartoon, anime, music & lyric video",exclude,(not targeted)
wedding invitation video maker app,50,Low,0.0,,,∞,0%,"Off-topic: cartoon, anime, music & lyric video",exclude,(not targeted)
create animated video for youtube,50,High,86.0,1.63,11.17,0%,0%,"Off-topic: cartoon, anime, music & lyric video",exclude,(not targeted)
ad animation maker,50,High,83.0,2.05,10.22,0%,0%,"Off-topic: cartoon, anime, music & lyric video",exclude,(not targeted)
intro maker ai,50,Medium,66.0,0.99,3.94,0%,-90%,"Off-topic: cartoon, anime, music & lyric video",exclude,(not targeted)
3d cartoon video maker app,50,Medium,43.0,0.8,2.88,0%,0%,"Off-topic: cartoon, anime, music & lyric video",exclude,(not targeted)
youtube channel trailer maker,50,Low,29.0,,,0%,0%,"Off-topic: cartoon, anime, music & lyric video",exclude,(not targeted)
youtube intro maker online,50,Low,14.0,,,0%,0%,"Off-topic: cartoon, anime, music & lyric video",exclude,(not targeted)
cartoon video maker online,50,High,71.0,1.36,6.2,0%,0%,"Off-topic: cartoon, anime, music & lyric video",exclude,(not targeted)
best cartoon video maker app,50,Low,24.0,,,0%,0%,"Off-topic: cartoon, anime, music & lyric video",exclude,(not targeted)
free gaming intro maker,50,Low,19.0,0.44,1.85,0%,-90%,"Off-topic: cartoon, anime, music & lyric video",exclude,(not targeted)
youtube gaming intro maker,50,Low,13.0,0.37,3.55,0%,0%,"Off-topic: cartoon, anime, music & lyric video",exclude,(not targeted)
intro maker com,50,Low,5.0,,,0%,0%,"Off-topic: cartoon, anime, music & lyric video",exclude,(not targeted)
wedding video maker app,50,Low,14.0,,,0%,0%,"Off-topic: cartoon, anime, music & lyric video",exclude,(not targeted)
ai cartoon video maker,50,Medium,60.0,1.47,6.0,0%,0%,"Off-topic: cartoon, anime, music & lyric video",exclude,(not targeted)
birthday video generator,50,High,68.0,0.56,2.77,0%,0%,"Off-topic: cartoon, anime, music & lyric video",exclude,(not targeted)
intro video online,50,Medium,36.0,,,0%,0%,"Off-topic: cartoon, anime, music & lyric video",exclude,(not targeted)
happy birthday video app,50,Medium,42.0,0.47,1.67,0%,0%,"Off-topic: cartoon, anime, music & lyric video",exclude,(not targeted)
intro video maker logo and text animation,50,Low,0.0,,,∞,0%,"Off-topic: cartoon, anime, music & lyric video",exclude,(not targeted)
birthday video maker app with song,50,Low,24.0,0.8,1.79,0%,0%,"Off-topic: cartoon, anime, music & lyric video",exclude,(not targeted)
motionden intro,50,Unknown,,,,0%,-100%,"Off-topic: cartoon, anime, music & lyric video",exclude,(not targeted)
birthday invitation video maker app,50,Unknown,,,,-100%,-100%,"Off-topic: cartoon, anime, music & lyric video",exclude,(not targeted)
intro maker website,50,Low,11.0,,,0%,0%,"Off-topic: cartoon, anime, music & lyric video",exclude,(not targeted)
video maker music video editor,50,Low,7.0,,,0%,0%,"Off-topic: cartoon, anime, music & lyric video",exclude,(not targeted)
happy birthday video maker with song,50,Medium,60.0,0.67,1.56,0%,0%,"Off-topic: cartoon, anime, music & lyric video",exclude,(not targeted)
free animation maker without watermark,50,Unknown,,,,0%,-100%,"Off-topic: cartoon, anime, music & lyric video",exclude,(not targeted)
logo intro video maker,50,Medium,61.0,1.08,6.05,0%,0%,"Off-topic: cartoon, anime, music & lyric video",exclude,(not targeted)
intro maker video intro outro,50,Low,6.0,,,0%,0%,"Off-topic: cartoon, anime, music & lyric video",exclude,(not targeted)
best app for birthday video maker,50,Low,28.0,0.51,2.39,0%,0%,"Off-topic: cartoon, anime, music & lyric video",exclude,(not targeted)
cartoon video ai,50,High,67.0,1.19,6.47,0%,0%,"Off-topic: cartoon, anime, music & lyric video",exclude,(not targeted)
best intro maker app,50,Low,0.0,,,0%,0%,"Off-topic: cartoon, anime, music & lyric video",exclude,(not targeted)
video invitation maker with 3d effect,50,Unknown,,,,0%,-100%,"Off-topic: cartoon, anime, music & lyric video",exclude,(not targeted)
automatic lyric video generator,50,Medium,50.0,0.41,1.82,0%,0%,"Off-topic: cartoon, anime, music & lyric video",exclude,(not targeted)
ai intro video,50,Medium,51.0,2.18,13.81,0%,0%,"Off-topic: cartoon, anime, music & lyric video",exclude,(not targeted)
cartoon video app,50,Low,11.0,0.75,2.3,0%,900%,"Off-topic: cartoon, anime, music & lyric video",exclude,(not targeted)
3d video editing app,50,Low,29.0,0.76,5.59,0%,0%,"Off-topic: cartoon, anime, music & lyric video",exclude,(not targeted)
birthday invitation video maker online,50,Unknown,,,,-100%,-100%,"Off-topic: cartoon, anime, music & lyric video",exclude,(not targeted)
logo intro video maker free,50,High,74.0,0.88,2.37,0%,0%,"Off-topic: cartoon, anime, music & lyric video",exclude,(not targeted)
videofx music video maker,50,Low,19.0,0.97,2.7,0%,-90%,"Off-topic: cartoon, anime, music & lyric video",exclude,(not targeted)
music animation generator,50,High,86.0,,,0%,0%,"Off-topic: cartoon, anime, music & lyric video",exclude,(not targeted)
birthday video editing app,50,Low,14.0,0.64,2.42,0%,0%,"Off-topic: cartoon, anime, music & lyric video",exclude,(not targeted)
online logo intro maker,50,High,76.0,0.45,2.56,0%,0%,"Off-topic: cartoon, anime, music & lyric video",exclude,(not targeted)
best app for making birthday video with song,50,High,86.0,,,∞,∞,"Off-topic: cartoon, anime, music & lyric video",exclude,(not targeted)
animated text generator for video,50,High,86.0,,,0%,0%,"Off-topic: cartoon, anime, music & lyric video",exclude,(not targeted)
video fx music video maker,50,Low,12.0,,,0%,0%,"Off-topic: cartoon, anime, music & lyric video",exclude,(not targeted)
video trailer generator,50,High,86.0,,,0%,0%,"Off-topic: cartoon, anime, music & lyric video",exclude,(not targeted)
happy birthday video editing,50,Medium,36.0,0.79,2.05,0%,0%,"Off-topic: cartoon, anime, music & lyric video",exclude,(not targeted)
birthday wishes app with song,50,Low,17.0,0.19,1.52,0%,0%,"Off-topic: cartoon, anime, music & lyric video",exclude,(not targeted)
outro generator,50,Low,25.0,0.69,2.97,0%,0%,"Off-topic: cartoon, anime, music & lyric video",exclude,(not targeted)
video photo music video editor,50,Unknown,,,,-100%,-100%,"Off-topic: cartoon, anime, music & lyric video",exclude,(not targeted)
intro and logo maker,50,Low,0.0,,,∞,0%,"Off-topic: cartoon, anime, music & lyric video",exclude,(not targeted)
glitch intro maker,50,Low,1.0,,,0%,0%,"Off-topic: cartoon, anime, music & lyric video",exclude,(not targeted)
best wedding invitation video maker app,50,Unknown,,,,-100%,-100%,"Off-topic: cartoon, anime, music & lyric video",exclude,(not targeted)
best logo intro maker,50,Low,29.0,,,0%,∞,"Off-topic: cartoon, anime, music & lyric video",exclude,(not targeted)
make web intro,50,Unknown,,,,0%,-100%,"Off-topic: cartoon, anime, music & lyric video",exclude,(not targeted)
3d gaming intro maker,50,Low,7.0,,,0%,0%,"Off-topic: cartoon, anime, music & lyric video",exclude,(not targeted)
birthday invitation video maker online with music and effects free,50,Unknown,,,,0%,0%,"Off-topic: cartoon, anime, music & lyric video",exclude,(not targeted)
automatic lyrics video generator,50,Unknown,,,,-100%,-100%,"Off-topic: cartoon, anime, music & lyric video",exclude,(not targeted)
birthday editing app,50,Low,0.0,,,0%,0%,"Off-topic: cartoon, anime, music & lyric video",exclude,(not targeted)
gaming intro generator,50,Low,4.0,,,0%,0%,"Off-topic: cartoon, anime, music & lyric video",exclude,(not targeted)
youtube intro logo maker,50,Medium,36.0,,,0%,0%,"Off-topic: cartoon, anime, music & lyric video",exclude,(not targeted)
create intro logo,50,Low,0.0,,,0%,∞,"Off-topic: cartoon, anime, music & lyric video",exclude,(not targeted)
intro for gaming channel,50,Low,22.0,,,0%,0%,"Off-topic: cartoon, anime, music & lyric video",exclude,(not targeted)
happy birthday video maker app,50,Low,7.0,,,0%,0%,"Off-topic: cartoon, anime, music & lyric video",exclude,(not targeted)
youtube intro generator online,50,Low,0.0,,,∞,0%,"Off-topic: cartoon, anime, music & lyric video",exclude,(not targeted)
3d text video generator,50,Medium,54.0,,,0%,0%,"Off-topic: cartoon, anime, music & lyric video",exclude,(not targeted)
birthday photo editing app with song,50,Low,0.0,,,0%,∞,"Off-topic: cartoon, anime, music & lyric video",exclude,(not targeted)
20th century fox intro maker online free,50,Low,0.0,,,0%,0%,"Off-topic: cartoon, anime, music & lyric video",exclude,(not targeted)
3d animated text generator video,50,Unknown,,,,0%,-100%,"Off-topic: cartoon, anime, music & lyric video",exclude,(not targeted)
animation title maker,50,Low,21.0,,,0%,0%,"Off-topic: cartoon, anime, music & lyric video",exclude,(not targeted)
anime video ai,50,Medium,61.0,0.84,4.41,0%,0%,"Off-topic: cartoon, anime, music & lyric video",exclude,(not targeted)
best birthday video maker app with music,50,Low,0.0,,,0%,0%,"Off-topic: cartoon, anime, music & lyric video",exclude,(not targeted)
birthday maker app,50,Medium,50.0,,,0%,0%,"Off-topic: cartoon, anime, music & lyric video",exclude,(not targeted)
birthday making video app,50,Low,0.0,,,0%,0%,"Off-topic: cartoon, anime, music & lyric video",exclude,(not targeted)
birthday song with photo,50,High,76.0,,,0%,0%,"Off-topic: cartoon, anime, music & lyric video",exclude,(not targeted)
cartoon video maker website,50,High,71.0,1.36,6.2,0%,0%,"Off-topic: cartoon, anime, music & lyric video",exclude,(not targeted)
cringe gaming intro maker,50,Low,0.0,,,0%,0%,"Off-topic: cartoon, anime, music & lyric video",exclude,(not targeted)
gaming intro maker online,50,Unknown,,,,-100%,-100%,"Off-topic: cartoon, anime, music & lyric video",exclude,(not targeted)
gif music video generator,50,Unknown,,,,0%,-100%,"Off-topic: cartoon, anime, music & lyric video",exclude,(not targeted)
intro generator no watermark,50,Unknown,,,,0%,-100%,"Off-topic: cartoon, anime, music & lyric video",exclude,(not targeted)
intro logo maker online,50,High,76.0,0.45,2.56,0%,0%,"Off-topic: cartoon, anime, music & lyric video",exclude,(not targeted)
intro maker pro,50,Low,10.0,,,0%,0%,"Off-topic: cartoon, anime, music & lyric video",exclude,(not targeted)
intro text maker online free,50,Unknown,,,,0%,0%,"Off-topic: cartoon, anime, music & lyric video",exclude,(not targeted)
intro youtube generator,50,Unknown,,,,-100%,0%,"Off-topic: cartoon, anime, music & lyric video",exclude,(not targeted)
karaoke lyric generator,50,Low,18.0,0.91,2.08,0%,0%,"Off-topic: cartoon, anime, music & lyric video",exclude,(not targeted)
logo intro maker online free,50,High,71.0,,,0%,0%,"Off-topic: cartoon, anime, music & lyric video",exclude,(not targeted)
logo maker intro,50,Medium,43.0,,,∞,0%,"Off-topic: cartoon, anime, music & lyric video",exclude,(not targeted)
logo reveal intro maker free,50,Unknown,,,,0%,0%,"Off-topic: cartoon, anime, music & lyric video",exclude,(not targeted)
lyrical photo video maker with music,50,Unknown,,,,0%,0%,"Off-topic: cartoon, anime, music & lyric video",exclude,(not targeted)
lyrical video app,50,Medium,35.0,0.69,3.42,0%,0%,"Off-topic: cartoon, anime, music & lyric video",exclude,(not targeted)
lyrics generator from video,50,Low,23.0,0.41,1.75,0%,0%,"Off-topic: cartoon, anime, music & lyric video",exclude,(not targeted)
lyrics generator video,50,Low,31.0,0.77,3.29,0%,0%,"Off-topic: cartoon, anime, music & lyric video",exclude,(not targeted)
make video memes online,50,Low,6.0,,,0%,0%,"Off-topic: cartoon, anime, music & lyric video",exclude,(not targeted)
moito lyrical video maker,50,Unknown,,,,0%,-100%,"Off-topic: cartoon, anime, music & lyric video",exclude,(not targeted)
name intro maker free,50,Unknown,,,,0%,-100%,"Off-topic: cartoon, anime, music & lyric video",exclude,(not targeted)
online free logo intro maker,50,Unknown,,,,0%,0%,"Off-topic: cartoon, anime, music & lyric video",exclude,(not targeted)
online intro logo maker,50,Unknown,,,,0%,0%,"Off-topic: cartoon, anime, music & lyric video",exclude,(not targeted)
youtube outro generator,50,Low,17.0,0.89,4.38,0%,0%,"Off-topic: cartoon, anime, music & lyric video",exclude,(not targeted)
cartoon video online maker,0,Unknown,,,,0%,0%,"Off-topic: cartoon, anime, music & lyric video",exclude,(not targeted)
logo intro video maker online free,0,Unknown,,,,0%,0%,"Off-topic: cartoon, anime, music & lyric video",exclude,(not targeted)
clip maker,5000,Medium,57.0,0.45,2.64,0%,0%,Off-topic: clipping long videos,exclude,(not targeted)
video clip maker,500,Medium,63.0,0.84,3.42,0%,0%,Off-topic: clipping long videos,exclude,(not targeted)
video clips for edits,500,Medium,34.0,0.98,3.98,0%,0%,Off-topic: clipping long videos,exclude,(not targeted)
clip maker online,50,Medium,35.0,0.62,2.05,0%,0%,Off-topic: clipping long videos,exclude,(not targeted)
video editor,500000,Medium,47.0,0.63,3.92,0%,0%,Off-topic: editing apps & software (non-AI),exclude,(not targeted)
free video editor,50000,Low,33.0,0.72,2.99,0%,0%,Off-topic: editing apps & software (non-AI),exclude,(not targeted)
online video editor,50000,Low,23.0,0.32,2.02,0%,0%,Off-topic: editing apps & software (non-AI),exclude,(not targeted)
video editing app,50000,Low,31.0,0.79,2.94,0%,0%,Off-topic: editing apps & software (non-AI),exclude,(not targeted)
free video editing app,50000,Low,28.0,0.64,2.24,0%,0%,Off-topic: editing apps & software (non-AI),exclude,(not targeted)
youtube video editor,50000,Medium,38.0,0.95,3.89,0%,-90%,Off-topic: editing apps & software (non-AI),exclude,(not targeted)
best free video editor,50000,Medium,40.0,1.0,4.18,0%,0%,Off-topic: editing apps & software (non-AI),exclude,(not targeted)
windows video editor,50000,Medium,45.0,1.39,5.32,0%,-90%,Off-topic: editing apps & software (non-AI),exclude,(not targeted)
best free editing softwares,50000,Medium,40.0,1.0,4.18,0%,0%,Off-topic: editing apps & software (non-AI),exclude,(not targeted)
best free video editing softwares,50000,Medium,40.0,1.0,4.18,0%,0%,Off-topic: editing apps & software (non-AI),exclude,(not targeted)
good free video editor,50000,Medium,40.0,1.0,4.18,0%,0%,Off-topic: editing apps & software (non-AI),exclude,(not targeted)
video editing video,50000,Medium,34.0,0.77,5.04,0%,0%,Off-topic: editing apps & software (non-AI),exclude,(not targeted)
free video editor online,5000,Medium,47.0,0.4,2.01,0%,0%,Off-topic: editing apps & software (non-AI),exclude,(not targeted)
best video editing apps,5000,Medium,50.0,0.89,3.08,0%,-90%,Off-topic: editing apps & software (non-AI),exclude,(not targeted)
best video editor,5000,Medium,57.0,1.23,5.56,0%,0%,Off-topic: editing apps & software (non-AI),exclude,(not targeted)
video editing services,5000,Low,11.0,2.67,14.66,0%,0%,Off-topic: editing apps & software (non-AI),exclude,(not targeted)
simple video editor,5000,Medium,48.0,0.82,3.87,0%,0%,Off-topic: editing apps & software (non-AI),exclude,(not targeted)
google video editor,5000,Low,22.0,0.89,3.21,0%,0%,Off-topic: editing apps & software (non-AI),exclude,(not targeted)
video editing websites,5000,Low,31.0,0.42,2.71,0%,0%,Off-topic: editing apps & software (non-AI),exclude,(not targeted)
best free video editing app,5000,Medium,50.0,0.63,2.18,0%,0%,Off-topic: editing apps & software (non-AI),exclude,(not targeted)
best video editor for youtube,5000,Medium,49.0,1.35,5.34,0%,0%,Off-topic: editing apps & software (non-AI),exclude,(not targeted)
mp4 video editor,5000,Medium,38.0,0.6,2.48,0%,0%,Off-topic: editing apps & software (non-AI),exclude,(not targeted)
video editing tools,5000,Low,12.0,1.15,6.4,0%,0%,Off-topic: editing apps & software (non-AI),exclude,(not targeted)
good video editing apps,5000,Medium,50.0,0.89,3.08,0%,-90%,Off-topic: editing apps & software (non-AI),exclude,(not targeted)
instagram video editor,5000,Low,31.0,0.85,2.87,0%,0%,Off-topic: editing apps & software (non-AI),exclude,(not targeted)
best video editor for windows,5000,High,74.0,1.76,6.97,0%,0%,Off-topic: editing apps & software (non-AI),exclude,(not targeted)
video editor freelancer,5000,Medium,46.0,1.07,7.71,0%,0%,Off-topic: editing apps & software (non-AI),exclude,(not targeted)
free video editing tool,5000,Low,9.0,0.87,3.27,0%,900%,Off-topic: editing apps & software (non-AI),exclude,(not targeted)
video editing for beginners,5000,Low,24.0,1.2,5.89,0%,0%,Off-topic: editing apps & software (non-AI),exclude,(not targeted)
mobile video editor,5000,Low,8.0,0.57,2.13,0%,900%,Off-topic: editing apps & software (non-AI),exclude,(not targeted)
photo video editor,5000,Low,24.0,0.77,3.1,0%,0%,Off-topic: editing apps & software (non-AI),exclude,(not targeted)
good video editors,5000,Medium,57.0,1.23,5.56,0%,0%,Off-topic: editing apps & software (non-AI),exclude,(not targeted)
online video editing tool,5000,Low,11.0,0.53,3.06,0%,0%,Off-topic: editing apps & software (non-AI),exclude,(not targeted)
photo and video editing app,5000,Low,6.0,0.9,2.97,0%,0%,Off-topic: editing apps & software (non-AI),exclude,(not targeted)
video editing app for tiktok,5000,Low,10.0,0.8,2.96,0%,0%,Off-topic: editing apps & software (non-AI),exclude,(not targeted)
top video editor,5000,Medium,57.0,1.23,5.56,0%,0%,Off-topic: editing apps & software (non-AI),exclude,(not targeted)
best movie editing app,5000,Medium,50.0,0.89,3.08,0%,-90%,Off-topic: editing apps & software (non-AI),exclude,(not targeted)
mobile video editing apps,5000,Low,4.0,0.71,2.0,0%,0%,Off-topic: editing apps & software (non-AI),exclude,(not targeted)
video editor online no watermark free,5000,Medium,35.0,0.35,1.72,0%,-90%,Off-topic: editing apps & software (non-AI),exclude,(not targeted)
video editing tools for youtube,5000,Low,2.0,0.96,4.53,900%,900%,Off-topic: editing apps & software (non-AI),exclude,(not targeted)
photo video editor app,5000,Low,6.0,0.9,2.97,0%,0%,Off-topic: editing apps & software (non-AI),exclude,(not targeted)
professional video editing app,5000,Low,2.0,1.01,3.96,900%,0%,Off-topic: editing apps & software (non-AI),exclude,(not targeted)
film video editor,5000,Low,3.0,2.03,9.44,900%,0%,Off-topic: editing apps & software (non-AI),exclude,(not targeted)
shot video editor,5000,Low,14.0,0.47,2.59,0%,-90%,Off-topic: editing apps & software (non-AI),exclude,(not targeted)
video photo editing app,5000,Low,6.0,0.9,2.97,0%,0%,Off-topic: editing apps & software (non-AI),exclude,(not targeted)
photo to video editing app,5000,Low,6.0,0.9,2.97,0%,0%,Off-topic: editing apps & software (non-AI),exclude,(not targeted)
pro video editing app,5000,Low,2.0,1.01,3.96,900%,0%,Off-topic: editing apps & software (non-AI),exclude,(not targeted)
video editing images,5000,Low,24.0,0.77,3.1,0%,0%,Off-topic: editing apps & software (non-AI),exclude,(not targeted)
easy video editor,500,Medium,61.0,1.04,6.16,0%,0%,Off-topic: editing apps & software (non-AI),exclude,(not targeted)
after effects video editing,500,Low,27.0,1.45,7.97,0%,0%,Off-topic: editing apps & software (non-AI),exclude,(not targeted)
gopro video editor,500,Medium,37.0,1.34,4.16,0%,-90%,Off-topic: editing apps & software (non-AI),exclude,(not targeted)
best reel editing app,500,Medium,63.0,0.96,3.7,0%,0%,Off-topic: editing apps & software (non-AI),exclude,(not targeted)
fiverr video editing,500,Medium,56.0,0.94,6.36,0%,-90%,Off-topic: editing apps & software (non-AI),exclude,(not targeted)
pr video editor,500,Medium,63.0,1.17,29.49,0%,0%,Off-topic: editing apps & software (non-AI),exclude,(not targeted)
best online video editor,500,Medium,49.0,1.08,6.43,0%,0%,Off-topic: editing apps & software (non-AI),exclude,(not targeted)
video editing company,500,Medium,52.0,3.1,18.6,0%,0%,Off-topic: editing apps & software (non-AI),exclude,(not targeted)
easy video editing app,500,Medium,59.0,0.79,2.89,0%,0%,Off-topic: editing apps & software (non-AI),exclude,(not targeted)
vimeo video editor,500,Low,25.0,1.38,7.77,0%,0%,Off-topic: editing apps & software (non-AI),exclude,(not targeted)
video editing agency,500,Medium,55.0,1.73,10.46,0%,0%,Off-topic: editing apps & software (non-AI),exclude,(not targeted)
video editor near me,500,Medium,53.0,1.84,8.94,0%,0%,Off-topic: editing apps & software (non-AI),exclude,(not targeted)
wondershare video editor,500,Medium,62.0,1.23,3.21,0%,0%,Off-topic: editing apps & software (non-AI),exclude,(not targeted)
free video editor windows,500,Medium,49.0,0.93,3.47,0%,-90%,Off-topic: editing apps & software (non-AI),exclude,(not targeted)
camtasia video editing,500,Low,29.0,1.57,16.98,0%,0%,Off-topic: editing apps & software (non-AI),exclude,(not targeted)
best free online video editor,500,Medium,37.0,0.56,2.9,0%,-90%,Off-topic: editing apps & software (non-AI),exclude,(not targeted)
dji video editor,500,Low,25.0,1.64,4.22,0%,0%,Off-topic: editing apps & software (non-AI),exclude,(not targeted)
youtube video editor free,500,Medium,44.0,0.7,2.5,0%,0%,Off-topic: editing apps & software (non-AI),exclude,(not targeted)
social media video editor,500,Medium,57.0,1.67,9.62,-90%,0%,Off-topic: editing apps & software (non-AI),exclude,(not targeted)
magisto video editor,500,Low,8.0,0.94,7.06,0%,0%,Off-topic: editing apps & software (non-AI),exclude,(not targeted)
automatic video editor,500,Medium,58.0,1.02,3.56,0%,0%,Off-topic: editing apps & software (non-AI),exclude,(not targeted)
pinnacle video editing,500,High,88.0,1.79,18.78,0%,0%,Off-topic: editing apps & software (non-AI),exclude,(not targeted)
green screen video editor,500,Low,20.0,0.67,2.31,0%,0%,Off-topic: editing apps & software (non-AI),exclude,(not targeted)
free video editing websites,500,Medium,45.0,0.43,1.68,0%,0%,Off-topic: editing apps & software (non-AI),exclude,(not targeted)
reels editing app,500,Medium,65.0,0.96,3.27,0%,0%,Off-topic: editing apps & software (non-AI),exclude,(not targeted)
video editing templates,500,Low,28.0,0.84,4.03,0%,0%,Off-topic: editing apps & software (non-AI),exclude,(not targeted)
video editing services near me,500,Low,7.0,2.51,11.53,900%,900%,Off-topic: editing apps & software (non-AI),exclude,(not targeted)
browser video editor,500,Low,25.0,0.24,1.89,0%,0%,Off-topic: editing apps & software (non-AI),exclude,(not targeted)
4k video editor,500,Medium,56.0,0.85,3.81,0%,0%,Off-topic: editing apps & software (non-AI),exclude,(not targeted)
professional video editor,500,Medium,51.0,1.95,8.75,0%,0%,Off-topic: editing apps & software (non-AI),exclude,(not targeted)
editing apps for youtube,500,Medium,45.0,0.67,2.32,0%,0%,Off-topic: editing apps & software (non-AI),exclude,(not targeted)
easy to use video editor,500,Medium,61.0,1.46,7.44,-90%,-90%,Off-topic: editing apps & software (non-AI),exclude,(not targeted)
web video editor,500,Low,27.0,0.29,1.8,0%,0%,Off-topic: editing apps & software (non-AI),exclude,(not targeted)
best video editor for tiktok,500,Low,24.0,1.22,3.74,0%,0%,Off-topic: editing apps & software (non-AI),exclude,(not targeted)
free editing softwares,500,Medium,39.0,0.91,3.22,0%,0%,Off-topic: editing apps & software (non-AI),exclude,(not targeted)
best reel editing app free,500,Medium,63.0,0.71,2.47,0%,0%,Off-topic: editing apps & software (non-AI),exclude,(not targeted)
cloud based video editing,500,Low,33.0,1.2,5.54,-90%,0%,Off-topic: editing apps & software (non-AI),exclude,(not targeted)
the best video editing app,500,Medium,59.0,0.87,2.86,0%,0%,Off-topic: editing apps & software (non-AI),exclude,(not targeted)
easy free video editor,500,Medium,57.0,1.13,4.06,0%,0%,Off-topic: editing apps & software (non-AI),exclude,(not targeted)
video editor with music,500,Medium,49.0,0.93,4.07,0%,-90%,Off-topic: editing apps & software (non-AI),exclude,(not targeted)
best free video editor windows,500,Medium,44.0,0.98,4.22,0%,0%,Off-topic: editing apps & software (non-AI),exclude,(not targeted)
windows 11 video editor,500,Low,29.0,1.12,3.27,0%,-90%,Off-topic: editing apps & software (non-AI),exclude,(not targeted)
quick video editor,500,Medium,49.0,0.59,2.83,0%,0%,Off-topic: editing apps & software (non-AI),exclude,(not targeted)
youtube video editor online,500,Low,15.0,0.79,3.88,0%,0%,Off-topic: editing apps & software (non-AI),exclude,(not targeted)
easiest video editing app,500,Medium,56.0,0.87,3.31,0%,0%,Off-topic: editing apps & software (non-AI),exclude,(not targeted)
professional video editing services,500,Medium,34.0,2.38,9.77,0%,-90%,Off-topic: editing apps & software (non-AI),exclude,(not targeted)
best video editor for instagram,500,Medium,58.0,1.13,3.77,0%,0%,Off-topic: editing apps & software (non-AI),exclude,(not targeted)
simple free video editor,500,Medium,55.0,0.94,3.23,0%,0%,Off-topic: editing apps & software (non-AI),exclude,(not targeted)
best mobile video editor,500,Low,30.0,1.08,3.06,0%,0%,Off-topic: editing apps & software (non-AI),exclude,(not targeted)
video editor for instagram reels,500,Low,7.0,1.26,4.46,900%,900%,Off-topic: editing apps & software (non-AI),exclude,(not targeted)
basic video editing,500,Low,22.0,0.85,3.77,0%,0%,Off-topic: editing apps & software (non-AI),exclude,(not targeted)
blender video editor,500,Low,5.0,0.99,4.21,0%,0%,Off-topic: editing apps & software (non-AI),exclude,(not targeted)
screen recorder and video editor,500,Low,9.0,0.84,7.77,0%,900%,Off-topic: editing apps & software (non-AI),exclude,(not targeted)
video editor windows 11,500,Medium,46.0,1.28,3.64,0%,0%,Off-topic: editing apps & software (non-AI),exclude,(not targeted)
best phone video editing apps,500,Medium,36.0,1.14,3.59,0%,0%,Off-topic: editing apps & software (non-AI),exclude,(not targeted)
split screen video editor,500,Low,28.0,0.77,2.84,0%,0%,Off-topic: editing apps & software (non-AI),exclude,(not targeted)
easy video editor online,500,Medium,51.0,0.67,3.98,0%,-90%,Off-topic: editing apps & software (non-AI),exclude,(not targeted)
free 4k video editor,500,Medium,44.0,0.78,3.22,0%,0%,Off-topic: editing apps & software (non-AI),exclude,(not targeted)
simple video editing app,500,Medium,56.0,0.54,2.0,-90%,-90%,Off-topic: editing apps & software (non-AI),exclude,(not targeted)
web based video editor,500,Low,17.0,0.66,3.49,-90%,0%,Off-topic: editing apps & software (non-AI),exclude,(not targeted)
best video editing app for youtube,500,Medium,35.0,0.76,2.73,0%,0%,Off-topic: editing apps & software (non-AI),exclude,(not targeted)
slow motion video editor,500,Low,23.0,0.39,1.96,0%,0%,Off-topic: editing apps & software (non-AI),exclude,(not targeted)
phone video editor,500,Medium,38.0,0.78,2.57,0%,0%,Off-topic: editing apps & software (non-AI),exclude,(not targeted)
tiktok video editing app,500,Low,22.0,0.8,2.75,0%,0%,Off-topic: editing apps & software (non-AI),exclude,(not targeted)
simple video editor online,500,Medium,36.0,0.35,1.8,0%,0%,Off-topic: editing apps & software (non-AI),exclude,(not targeted)
best video editor for beginners,500,Medium,51.0,1.44,6.87,0%,0%,Off-topic: editing apps & software (non-AI),exclude,(not targeted)
desktop video editor,500,Low,29.0,1.83,7.86,0%,0%,Off-topic: editing apps & software (non-AI),exclude,(not targeted)
gaming video editor,500,Low,31.0,0.95,3.22,0%,0%,Off-topic: editing apps & software (non-AI),exclude,(not targeted)
best video editor for youtube free,500,Medium,35.0,0.87,3.25,0%,0%,Off-topic: editing apps & software (non-AI),exclude,(not targeted)
top video editing apps,500,Medium,51.0,0.96,3.33,0%,0%,Off-topic: editing apps & software (non-AI),exclude,(not targeted)
video editor fiverr,500,Medium,57.0,0.81,3.45,0%,0%,Off-topic: editing apps & software (non-AI),exclude,(not targeted)
video editing sites,500,Medium,40.0,0.51,3.46,0%,0%,Off-topic: editing apps & software (non-AI),exclude,(not targeted)
best editing softwares,500,Low,30.0,1.76,5.86,0%,0%,Off-topic: editing apps & software (non-AI),exclude,(not targeted)
movie editor app,500,Medium,54.0,0.85,3.22,0%,0%,Off-topic: editing apps & software (non-AI),exclude,(not targeted)
best video editing app for youtube free,500,Medium,42.0,0.64,2.49,0%,0%,Off-topic: editing apps & software (non-AI),exclude,(not targeted)
viva video editor,500,Medium,37.0,0.68,2.89,900%,900%,Off-topic: editing apps & software (non-AI),exclude,(not targeted)
best editing apps for youtube,500,Medium,45.0,0.74,2.56,0%,0%,Off-topic: editing apps & software (non-AI),exclude,(not targeted)
photo and video editor,500,Low,31.0,0.92,4.08,0%,0%,Off-topic: editing apps & software (non-AI),exclude,(not targeted)
free mp4 video editor,500,Medium,61.0,0.87,2.59,0%,0%,Off-topic: editing apps & software (non-AI),exclude,(not targeted)
best video editor for reels,500,Medium,65.0,1.25,4.15,0%,-90%,Off-topic: editing apps & software (non-AI),exclude,(not targeted)
video editor for windows 11,500,Low,32.0,1.27,4.24,0%,0%,Off-topic: editing apps & software (non-AI),exclude,(not targeted)
go pro video editor,500,Medium,37.0,1.34,4.16,0%,-90%,Off-topic: editing apps & software (non-AI),exclude,(not targeted)
instagram reel editing app,500,Low,32.0,0.87,3.04,0%,0%,Off-topic: editing apps & software (non-AI),exclude,(not targeted)
real estate video editing,500,High,71.0,2.38,8.65,0%,0%,Off-topic: editing apps & software (non-AI),exclude,(not targeted)
chrome video editor,500,Medium,41.0,0.51,3.15,0%,-90%,Off-topic: editing apps & software (non-AI),exclude,(not targeted)
mkv video editor,500,Low,13.0,0.95,2.78,0%,0%,Off-topic: editing apps & software (non-AI),exclude,(not targeted)
best gopro video editor,500,Medium,34.0,1.3,5.25,0%,0%,Off-topic: editing apps & software (non-AI),exclude,(not targeted)
best mobile video editing app,500,Low,32.0,1.01,2.62,0%,0%,Off-topic: editing apps & software (non-AI),exclude,(not targeted)
instagram video editing apps,500,Low,29.0,0.69,2.26,0%,0%,Off-topic: editing apps & software (non-AI),exclude,(not targeted)
magisto video editor & maker,500,Low,9.0,0.79,3.47,0%,0%,Off-topic: editing apps & software (non-AI),exclude,(not targeted)
best video editing tools,500,Medium,56.0,1.35,6.36,0%,0%,Off-topic: editing apps & software (non-AI),exclude,(not targeted)
video editor pro,500,Medium,42.0,1.88,10.71,0%,-90%,Off-topic: editing apps & software (non-AI),exclude,(not targeted)
short video editor,500,Medium,46.0,0.93,5.68,0%,0%,Off-topic: editing apps & software (non-AI),exclude,(not targeted)
movie video editor,500,Low,26.0,1.5,6.24,900%,0%,Off-topic: editing apps & software (non-AI),exclude,(not targeted)
best simple video editor,500,Medium,52.0,1.44,5.87,0%,0%,Off-topic: editing apps & software (non-AI),exclude,(not targeted)
simple video editor windows,500,Medium,56.0,1.53,4.83,0%,0%,Off-topic: editing apps & software (non-AI),exclude,(not targeted)
gopro video editor for windows,500,Medium,51.0,1.29,3.67,900%,0%,Off-topic: editing apps & software (non-AI),exclude,(not targeted)
360 video editor,500,Low,28.0,0.98,3.41,0%,0%,Off-topic: editing apps & software (non-AI),exclude,(not targeted)
youtube video editor online free,500,Low,22.0,0.67,2.04,0%,0%,Off-topic: editing apps & software (non-AI),exclude,(not targeted)
best app for youtube video editing,500,Medium,35.0,0.76,2.73,0%,0%,Off-topic: editing apps & software (non-AI),exclude,(not targeted)
sony vegas video editor,500,Medium,36.0,0.76,5.17,0%,0%,Off-topic: editing apps & software (non-AI),exclude,(not targeted)
slow mo video editor,500,Low,23.0,0.39,1.96,0%,0%,Off-topic: editing apps & software (non-AI),exclude,(not targeted)
best video editing app for instagram,500,Medium,57.0,0.96,3.04,0%,0%,Off-topic: editing apps & software (non-AI),exclude,(not targeted)
video editing effects,500,Low,20.0,0.8,3.22,0%,0%,Off-topic: editing apps & software (non-AI),exclude,(not targeted)
phone video editing apps,500,Medium,37.0,1.03,2.68,0%,0%,Off-topic: editing apps & software (non-AI),exclude,(not targeted)
sony video editor,500,Low,31.0,1.07,4.39,0%,0%,Off-topic: editing apps & software (non-AI),exclude,(not targeted)
green screen background video editing,500,Medium,35.0,0.5,1.72,0%,0%,Off-topic: editing apps & software (non-AI),exclude,(not targeted)
free video editor for windows 11,500,Low,27.0,0.85,3.33,0%,900%,Off-topic: editing apps & software (non-AI),exclude,(not targeted)
resolve video editor,500,Medium,40.0,1.1,4.14,0%,-90%,Off-topic: editing apps & software (non-AI),exclude,(not targeted)
avi video editor,500,Medium,50.0,0.88,2.89,-90%,-90%,Off-topic: editing apps & software (non-AI),exclude,(not targeted)
vlog video editor,500,Medium,52.0,0.94,3.59,900%,0%,Off-topic: editing apps & software (non-AI),exclude,(not targeted)
reverse video editor,500,Low,5.0,0.67,1.77,0%,0%,Off-topic: editing apps & software (non-AI),exclude,(not targeted)
automatic video editor online free,500,Medium,40.0,0.57,2.16,0%,0%,Off-topic: editing apps & software (non-AI),exclude,(not targeted)
green screen video editor online free,500,Low,18.0,0.57,1.88,0%,-90%,Off-topic: editing apps & software (non-AI),exclude,(not targeted)
online video editing app,500,Low,31.0,0.27,2.79,0%,-90%,Off-topic: editing apps & software (non-AI),exclude,(not targeted)
google video editing app,500,Medium,35.0,0.69,2.32,0%,0%,Off-topic: editing apps & software (non-AI),exclude,(not targeted)
free instagram video editor,500,Low,18.0,0.85,2.54,0%,0%,Off-topic: editing apps & software (non-AI),exclude,(not targeted)
best phone video editor,500,High,72.0,1.19,3.45,0%,0%,Off-topic: editing apps & software (non-AI),exclude,(not targeted)
video editor maker,500,Medium,38.0,0.76,3.7,0%,0%,Off-topic: editing apps & software (non-AI),exclude,(not targeted)
time lapse video editor,500,Low,17.0,0.63,2.14,0%,0%,Off-topic: editing apps & software (non-AI),exclude,(not targeted)
photo editor with music,500,Low,14.0,0.42,1.86,0%,0%,Off-topic: editing apps & software (non-AI),exclude,(not targeted)
facebook video editor,500,Low,33.0,0.89,3.72,0%,0%,Off-topic: editing apps & software (non-AI),exclude,(not targeted)
picsart video editor,500,Low,27.0,0.47,2.82,0%,0%,Off-topic: editing apps & software (non-AI),exclude,(not targeted)
best photo and video editing app,500,Medium,61.0,1.03,3.38,0%,0%,Off-topic: editing apps & software (non-AI),exclude,(not targeted)
video editing app for windows,500,Medium,35.0,1.39,4.33,0%,0%,Off-topic: editing apps & software (non-AI),exclude,(not targeted)
best free mobile video editor,500,Medium,39.0,0.84,2.1,0%,0%,Off-topic: editing apps & software (non-AI),exclude,(not targeted)
best video editing website,500,Medium,49.0,1.08,6.43,0%,0%,Off-topic: editing apps & software (non-AI),exclude,(not targeted)
top free video editor,500,Medium,46.0,1.08,4.0,0%,0%,Off-topic: editing apps & software (non-AI),exclude,(not targeted)
best photo video editing app,500,Medium,61.0,1.03,3.38,0%,0%,Off-topic: editing apps & software (non-AI),exclude,(not targeted)
flexclip video editor,500,Low,9.0,0.19,1.98,0%,-90%,Off-topic: editing apps & software (non-AI),exclude,(not targeted)
blackmagic video editor,500,Low,23.0,0.38,4.22,0%,0%,Off-topic: editing apps & software (non-AI),exclude,(not targeted)
instagram video editor online,500,Low,14.0,0.62,2.03,900%,0%,Off-topic: editing apps & software (non-AI),exclude,(not targeted)
digital video editing,500,Low,22.0,1.33,6.1,0%,-90%,Off-topic: editing apps & software (non-AI),exclude,(not targeted)
free movie editor for windows,500,Medium,62.0,1.01,4.08,0%,0%,Off-topic: editing apps & software (non-AI),exclude,(not targeted)
slow motion video editing app,500,Low,11.0,0.53,2.7,0%,0%,Off-topic: editing apps & software (non-AI),exclude,(not targeted)
ms video editor,500,Low,8.0,,,-90%,-90%,Off-topic: editing apps & software (non-AI),exclude,(not targeted)
photo video editor online,500,Low,1.0,0.65,3.11,9900%,9900%,Off-topic: editing apps & software (non-AI),exclude,(not targeted)
popular video editing apps,500,Low,25.0,0.97,4.21,900%,0%,Off-topic: editing apps & software (non-AI),exclude,(not targeted)
vivavideo video editor,500,Low,21.0,0.69,1.98,0%,-90%,Off-topic: editing apps & software (non-AI),exclude,(not targeted)
best app for video editing for youtube,500,Medium,35.0,0.76,2.73,0%,0%,Off-topic: editing apps & software (non-AI),exclude,(not targeted)
best app for photo and video editing,500,Medium,61.0,1.03,3.38,0%,0%,Off-topic: editing apps & software (non-AI),exclude,(not targeted)
best song for video editing,500,Low,2.0,,,0%,900%,Off-topic: editing apps & software (non-AI),exclude,(not targeted)
light video editor,500,Low,22.0,1.28,3.44,0%,0%,Off-topic: editing apps & software (non-AI),exclude,(not targeted)
vivavideo video editor&maker,500,Low,21.0,0.69,1.98,0%,-90%,Off-topic: editing apps & software (non-AI),exclude,(not targeted)
best video editing app for mobile,500,Medium,41.0,0.92,2.39,0%,900%,Off-topic: editing apps & software (non-AI),exclude,(not targeted)
freelancer video editor,50,Medium,63.0,1.15,7.73,0%,0%,Off-topic: editing apps & software (non-AI),exclude,(not targeted)
google video editor online,50,Low,17.0,0.23,1.64,0%,0%,Off-topic: editing apps & software (non-AI),exclude,(not targeted)
quick video editor online,50,Medium,45.0,0.32,1.97,0%,0%,Off-topic: editing apps & software (non-AI),exclude,(not targeted)
reel video editor,50,Medium,67.0,1.2,7.08,0%,0%,Off-topic: editing apps & software (non-AI),exclude,(not targeted)
best video editor for windows 11,50,High,79.0,1.06,6.01,0%,0%,Off-topic: editing apps & software (non-AI),exclude,(not targeted)
video editor add music,50,High,71.0,0.72,3.55,0%,0%,Off-topic: editing apps & software (non-AI),exclude,(not targeted)
video editor for youtube channel,50,Medium,44.0,1.21,4.3,0%,0%,Off-topic: editing apps & software (non-AI),exclude,(not targeted)
vimeo create video editor,50,Medium,36.0,,,0%,0%,Off-topic: editing apps & software (non-AI),exclude,(not targeted)
best instagram reel editing app,50,Medium,61.0,0.99,3.13,0%,-90%,Off-topic: editing apps & software (non-AI),exclude,(not targeted)
automated video editing,50,Medium,56.0,1.22,4.76,0%,0%,Off-topic: editing apps & software (non-AI),exclude,(not targeted)
high quality video editor,50,Medium,57.0,0.73,3.54,0%,0%,Off-topic: editing apps & software (non-AI),exclude,(not targeted)
video editor & maker videoshow,50,Low,4.0,,,0%,-90%,Off-topic: editing apps & software (non-AI),exclude,(not targeted)
mov video editor,50,Medium,53.0,0.78,3.1,0%,-90%,Off-topic: editing apps & software (non-AI),exclude,(not targeted)
best video editor for tiktok pc,50,Medium,36.0,1.86,4.56,0%,0%,Off-topic: editing apps & software (non-AI),exclude,(not targeted)
free video editing app for instagram reels,50,Medium,39.0,0.52,1.95,0%,0%,Off-topic: editing apps & software (non-AI),exclude,(not targeted)
fast video editor,50,Low,18.0,1.05,5.41,900%,900%,Off-topic: editing apps & software (non-AI),exclude,(not targeted)
video editing app with music,50,Medium,56.0,1.0,3.18,0%,-90%,Off-topic: editing apps & software (non-AI),exclude,(not targeted)
online video editor free with effects and music,50,Unknown,,,,-100%,-100%,Off-topic: editing apps & software (non-AI),exclude,(not targeted)
moviestudio video editor,50,Low,23.0,1.64,4.16,0%,-90%,Off-topic: editing apps & software (non-AI),exclude,(not targeted)
best video editing app for instagram reels,50,Medium,53.0,0.78,2.96,0%,0%,Off-topic: editing apps & software (non-AI),exclude,(not targeted)
filme video editor,50,Low,0.0,,,0%,0%,Off-topic: editing apps & software (non-AI),exclude,(not targeted)
reel editing app free,50,High,86.0,0.73,1.67,0%,0%,Off-topic: editing apps & software (non-AI),exclude,(not targeted)
best video editor 2022,50,Unknown,,,,0%,-100%,Off-topic: editing apps & software (non-AI),exclude,(not targeted)
short video editing app,50,Medium,62.0,0.82,2.59,0%,0%,Off-topic: editing apps & software (non-AI),exclude,(not targeted)
video editor for windows 7,50,Low,31.0,0.36,1.16,0%,0%,Off-topic: editing apps & software (non-AI),exclude,(not targeted)
best video editing app for windows,50,Medium,41.0,0.85,4.74,0%,0%,Off-topic: editing apps & software (non-AI),exclude,(not targeted)
hd video editor,50,Medium,42.0,0.33,2.71,0%,-90%,Off-topic: editing apps & software (non-AI),exclude,(not targeted)
wavepad video editor,50,Medium,40.0,0.13,3.21,0%,0%,Off-topic: editing apps & software (non-AI),exclude,(not targeted)
youtube editing apps for laptops,50,Low,0.0,,,0%,0%,Off-topic: editing apps & software (non-AI),exclude,(not targeted)
green screen video editor free,50,Low,28.0,0.5,1.29,0%,-90%,Off-topic: editing apps & software (non-AI),exclude,(not targeted)
4k video editor online,50,Medium,57.0,,,0%,0%,Off-topic: editing apps & software (non-AI),exclude,(not targeted)
best short video editing app,50,Medium,58.0,1.05,3.11,0%,0%,Off-topic: editing apps & software (non-AI),exclude,(not targeted)
vivo video editor,50,Low,32.0,,,0%,0%,Off-topic: editing apps & software (non-AI),exclude,(not targeted)
online video editor with song,50,Medium,61.0,,,0%,0%,Off-topic: editing apps & software (non-AI),exclude,(not targeted)
funny video editor,50,Medium,36.0,0.86,2.38,0%,0%,Off-topic: editing apps & software (non-AI),exclude,(not targeted)
actiondirector video editing,50,Low,15.0,,,0%,0%,Off-topic: editing apps & software (non-AI),exclude,(not targeted)
best video photo editing app,50,High,72.0,0.92,4.18,0%,0%,Off-topic: editing apps & software (non-AI),exclude,(not targeted)
best and easy video editing app,50,High,67.0,0.67,2.73,0%,0%,Off-topic: editing apps & software (non-AI),exclude,(not targeted)
face swap video editor online free,50,Unknown,,,,-100%,-100%,Off-topic: editing apps & software (non-AI),exclude,(not targeted)
top 5 video editing apps,50,Medium,36.0,0.76,3.32,0%,0%,Off-topic: editing apps & software (non-AI),exclude,(not targeted)
song for video editing,50,Medium,50.0,0.94,12.77,0%,0%,Off-topic: editing apps & software (non-AI),exclude,(not targeted)
video editing app with song,50,Medium,57.0,1.14,2.45,0%,0%,Off-topic: editing apps & software (non-AI),exclude,(not targeted)
video editor with song,50,Medium,56.0,0.61,2.48,0%,-90%,Off-topic: editing apps & software (non-AI),exclude,(not targeted)
cool video editor,50,Medium,40.0,0.74,3.11,0%,0%,Off-topic: editing apps & software (non-AI),exclude,(not targeted)
video editor 2022,50,Unknown,,,,-100%,0%,Off-topic: editing apps & software (non-AI),exclude,(not targeted)
aesthetic video editor,50,Low,5.0,0.79,1.54,0%,0%,Off-topic: editing apps & software (non-AI),exclude,(not targeted)
top 10 video editor,50,Medium,51.0,2.2,6.52,0%,0%,Off-topic: editing apps & software (non-AI),exclude,(not targeted)
top 10 video editing apps,50,Low,18.0,0.79,1.12,0%,0%,Off-topic: editing apps & software (non-AI),exclude,(not targeted)
slomo video editor,50,Low,0.0,,,0%,900%,Off-topic: editing apps & software (non-AI),exclude,(not targeted)
collage video editor,50,Medium,39.0,0.52,1.95,0%,0%,Off-topic: editing apps & software (non-AI),exclude,(not targeted)
marriage video editing,50,Medium,57.0,0.58,2.54,0%,0%,Off-topic: editing apps & software (non-AI),exclude,(not targeted)
vn video editor maker vlognow,50,High,91.0,0.2,0.78,0%,0%,Off-topic: editing apps & software (non-AI),exclude,(not targeted)
best video editing app for windows 11,50,Medium,61.0,1.0,3.53,0%,0%,Off-topic: editing apps & software (non-AI),exclude,(not targeted)
video editor video effects,50,Unknown,,,,0%,0%,Off-topic: editing apps & software (non-AI),exclude,(not targeted)
ps video editor,50,Low,16.0,0.73,3.32,0%,0%,Off-topic: editing apps & software (non-AI),exclude,(not targeted)
vivavideo free video editor,50,Medium,37.0,,,0%,0%,Off-topic: editing apps & software (non-AI),exclude,(not targeted)
video editor generator,50,Medium,49.0,0.5,2.82,0%,0%,Off-topic: editing apps & software (non-AI),exclude,(not targeted)
vn video editing,50,Low,22.0,0.72,2.29,0%,0%,Off-topic: editing apps & software (non-AI),exclude,(not targeted)
online video editor with music,50,Low,17.0,0.59,2.31,0%,0%,Off-topic: editing apps & software (non-AI),exclude,(not targeted)
online video editor add music,50,Low,29.0,0.44,3.01,0%,0%,Off-topic: editing apps & software (non-AI),exclude,(not targeted)
glitch video editor,50,Low,6.0,0.55,2.93,0%,0%,Off-topic: editing apps & software (non-AI),exclude,(not targeted)
best video editing app with song,50,High,71.0,,,∞,0%,Off-topic: editing apps & software (non-AI),exclude,(not targeted)
quik free video editor,50,Low,27.0,0.53,2.05,0%,0%,Off-topic: editing apps & software (non-AI),exclude,(not targeted)
video song editing app,50,High,81.0,0.72,1.73,0%,0%,Off-topic: editing apps & software (non-AI),exclude,(not targeted)
easy cut video editor,50,Low,24.0,0.31,1.66,0%,0%,Off-topic: editing apps & software (non-AI),exclude,(not targeted)
new video editing app,50,Low,4.0,,,0%,0%,Off-topic: editing apps & software (non-AI),exclude,(not targeted)
best video editing app for phone,50,Low,32.0,1.01,3.22,0%,0%,Off-topic: editing apps & software (non-AI),exclude,(not targeted)
world best video editing app,50,Low,0.0,,,0%,0%,Off-topic: editing apps & software (non-AI),exclude,(not targeted)
best video editor for windows 7,50,Low,0.0,,,0%,0%,Off-topic: editing apps & software (non-AI),exclude,(not targeted)
vita video editing app,50,Low,6.0,,,0%,0%,Off-topic: editing apps & software (non-AI),exclude,(not targeted)
create video editor,50,Medium,36.0,0.93,4.17,0%,0%,Off-topic: editing apps & software (non-AI),exclude,(not targeted)
green background video editing,50,Medium,48.0,,,0%,0%,Off-topic: editing apps & software (non-AI),exclude,(not targeted)
no 1 video editing app,50,Low,10.0,,,0%,0%,Off-topic: editing apps & software (non-AI),exclude,(not targeted)
reelsy reel maker video editor,50,Unknown,,,,-100%,-100%,Off-topic: editing apps & software (non-AI),exclude,(not targeted)
song photo editor online,50,Unknown,,,,-100%,0%,Off-topic: editing apps & software (non-AI),exclude,(not targeted)
easycut video editor & maker,50,Low,3.0,,,0%,0%,Off-topic: editing apps & software (non-AI),exclude,(not targeted)
full screen video editing app,50,Low,0.0,,,900%,900%,Off-topic: editing apps & software (non-AI),exclude,(not targeted)
funimate video editor & maker,50,Low,0.0,,,0%,0%,Off-topic: editing apps & software (non-AI),exclude,(not targeted)
top 5 video editing app,50,Low,0.0,,,0%,0%,Off-topic: editing apps & software (non-AI),exclude,(not targeted)
video editing app list,50,Low,2.0,,,0%,0%,Off-topic: editing apps & software (non-AI),exclude,(not targeted)
video collage,5000,Medium,37.0,0.45,1.8,0%,0%,Off-topic: editing utilities,exclude,(not targeted)
video collage maker,5000,Medium,59.0,0.67,2.19,0%,0%,Off-topic: editing utilities,exclude,(not targeted)
live photo to video,5000,Low,1.0,0.67,2.33,0%,0%,Off-topic: editing utilities,exclude,(not targeted)
video link generator,5000,Low,10.0,0.57,2.59,0%,-90%,Off-topic: editing utilities,exclude,(not targeted)
make video file smaller,5000,Low,24.0,0.02,1.09,0%,0%,Off-topic: editing utilities,exclude,(not targeted)
convert live photo to video,5000,Low,0.0,0.54,1.66,0%,900%,Off-topic: editing utilities,exclude,(not targeted)
make video smaller,5000,Low,24.0,0.02,1.09,0%,0%,Off-topic: editing utilities,exclude,(not targeted)
convert video to live photo,5000,Low,1.0,0.62,3.08,0%,0%,Off-topic: editing utilities,exclude,(not targeted)
video enhancer online free,5000,Low,32.0,0.27,1.91,0%,0%,Off-topic: editing utilities,exclude,(not targeted)
make video size smaller,5000,Low,26.0,0.02,0.97,900%,0%,Off-topic: editing utilities,exclude,(not targeted)
make a youtube playlist,5000,Low,1.0,0.02,0.31,0%,0%,Off-topic: editing utilities,exclude,(not targeted)
youtube video loop,5000,Low,0.0,1.26,4.82,0%,0%,Off-topic: editing utilities,exclude,(not targeted)
video collage app,500,Medium,60.0,0.71,2.35,0%,-90%,Off-topic: editing utilities,exclude,(not targeted)
make a video slow motion,500,Low,23.0,0.33,2.14,0%,-90%,Off-topic: editing utilities,exclude,(not targeted)
photo collage video maker,500,Medium,64.0,0.75,2.74,0%,0%,Off-topic: editing utilities,exclude,(not targeted)
video to link generator,500,Low,20.0,0.37,2.4,0%,-90%,Off-topic: editing utilities,exclude,(not targeted)
free video collage maker,500,Medium,65.0,0.65,2.29,0%,0%,Off-topic: editing utilities,exclude,(not targeted)
best video collage app,500,High,71.0,1.01,2.97,-90%,-90%,Off-topic: editing utilities,exclude,(not targeted)
video collage online,500,Low,16.0,0.35,1.32,0%,0%,Off-topic: editing utilities,exclude,(not targeted)
convert video to slow motion,500,Low,26.0,0.36,2.27,0%,0%,Off-topic: editing utilities,exclude,(not targeted)
make video smaller file size,500,Low,33.0,0.02,1.22,0%,0%,Off-topic: editing utilities,exclude,(not targeted)
make live photo into video,500,Low,2.0,0.6,2.21,900%,900%,Off-topic: editing utilities,exclude,(not targeted)
video collage maker online,500,Low,26.0,0.47,2.16,900%,0%,Off-topic: editing utilities,exclude,(not targeted)
video cropping tool,500,Low,30.0,0.41,2.09,0%,0%,Off-topic: editing utilities,exclude,(not targeted)
photo collage video,500,Medium,56.0,0.71,2.2,0%,0%,Off-topic: editing utilities,exclude,(not targeted)
green screen video maker,500,Low,23.0,0.34,2.62,0%,0%,Off-topic: editing utilities,exclude,(not targeted)
loop video online free,500,Low,6.0,0.22,2.83,0%,0%,Off-topic: editing utilities,exclude,(not targeted)
green screen maker,500,Low,8.0,0.59,2.36,0%,0%,Off-topic: editing utilities,exclude,(not targeted)
video loop maker,500,Low,17.0,0.58,3.29,0%,0%,Off-topic: editing utilities,exclude,(not targeted)
make mp4 smaller,500,Low,17.0,0.02,1.13,0%,0%,Off-topic: editing utilities,exclude,(not targeted)
make a live photo a video,500,Low,6.0,0.37,1.96,0%,0%,Off-topic: editing utilities,exclude,(not targeted)
make video into live photo,500,Low,2.0,0.59,2.63,0%,0%,Off-topic: editing utilities,exclude,(not targeted)
photo and video collage maker,500,Medium,64.0,0.75,2.74,0%,0%,Off-topic: editing utilities,exclude,(not targeted)
make video loop,500,Low,24.0,0.55,2.79,0%,0%,Off-topic: editing utilities,exclude,(not targeted)
live photo into video,500,Low,5.0,0.59,1.42,0%,0%,Off-topic: editing utilities,exclude,(not targeted)
ai video restore,500,Medium,45.0,0.77,3.05,0%,0%,Off-topic: editing utilities,exclude,(not targeted)
instagram loop video,500,Low,2.0,,,0%,0%,Off-topic: editing utilities,exclude,(not targeted)
video url generator free,50,Low,25.0,1.2,4.31,0%,0%,Off-topic: editing utilities,exclude,(not targeted)
video collage with music,50,Low,26.0,0.9,3.23,0%,0%,Off-topic: editing utilities,exclude,(not targeted)
video url generator,50,Low,7.0,,,0%,0%,Off-topic: editing utilities,exclude,(not targeted)
video quality enhancer app,50,Medium,40.0,1.02,2.19,0%,0%,Off-topic: editing utilities,exclude,(not targeted)
video collage app free,50,Medium,66.0,0.61,2.17,0%,0%,Off-topic: editing utilities,exclude,(not targeted)
video and photo collage app,50,Low,33.0,0.68,2.22,0%,0%,Off-topic: editing utilities,exclude,(not targeted)
video collage online free,50,Low,18.0,0.19,1.13,0%,0%,Off-topic: editing utilities,exclude,(not targeted)
video collage maker app,50,Low,25.0,0.96,2.37,0%,0%,Off-topic: editing utilities,exclude,(not targeted)
link generator for video,50,Low,21.0,0.76,1.78,0%,0%,Off-topic: editing utilities,exclude,(not targeted)
slow down time lapse video,50,Low,12.0,0.09,1.9,0%,0%,Off-topic: editing utilities,exclude,(not targeted)
video to link generator free,50,Low,5.0,,,0%,0%,Off-topic: editing utilities,exclude,(not targeted)
mp4 to link generator,50,Medium,52.0,,,0%,0%,Off-topic: editing utilities,exclude,(not targeted)
mp4 link generator,50,Low,2.0,,,0%,0%,Off-topic: editing utilities,exclude,(not targeted)
make video slow motion online,50,Low,8.0,,,0%,0%,Off-topic: editing utilities,exclude,(not targeted)
ai video loop generator,50,Medium,62.0,1.24,6.51,0%,0%,Off-topic: editing utilities,exclude,(not targeted)
mp4 url generator,50,Unknown,,,,-100%,-100%,Off-topic: editing utilities,exclude,(not targeted)
make live photo a video,50,Low,1.0,,,0%,0%,Off-topic: editing utilities,exclude,(not targeted)
video link generator online,50,Low,0.0,,,0%,0%,Off-topic: editing utilities,exclude,(not targeted)
mp4 video link generator,50,Low,0.0,,,0%,0%,Off-topic: editing utilities,exclude,(not targeted)
convert video to slow motion online,50,Low,14.0,,,0%,∞,Off-topic: editing utilities,exclude,(not targeted)
convert video to live photo online,50,Low,0.0,,,0%,0%,Off-topic: editing utilities,exclude,(not targeted)
video link generator online free,50,Low,0.0,,,0%,0%,Off-topic: editing utilities,exclude,(not targeted)
video to url generator,50,Low,5.0,,,0%,0%,Off-topic: editing utilities,exclude,(not targeted)
ai loop video,50,Medium,54.0,1.41,4.6,0%,0%,Off-topic: editing utilities,exclude,(not targeted)
ai restore old video,50,Medium,45.0,1.1,3.7,0%,0%,Off-topic: editing utilities,exclude,(not targeted)
url generator for video,50,Low,26.0,,,0%,0%,Off-topic: editing utilities,exclude,(not targeted)
video file link generator,50,Medium,38.0,0.42,1.46,0%,0%,Off-topic: editing utilities,exclude,(not targeted)
video loop generator,50,Medium,53.0,0.54,2.42,0%,0%,Off-topic: editing utilities,exclude,(not targeted)
link generator video,50,Low,0.0,,,0%,0%,Off-topic: editing utilities,exclude,(not targeted)
discord video link generator,50,Low,0.0,,,0%,0%,Off-topic: editing utilities,exclude,(not targeted)
facebook video link generator,50,Unknown,,,,0%,-100%,Off-topic: editing utilities,exclude,(not targeted)
green screen video generator,50,Low,21.0,,,0%,0%,Off-topic: editing utilities,exclude,(not targeted)
loop video generator,50,Low,27.0,1.15,4.36,0%,0%,Off-topic: editing utilities,exclude,(not targeted)
nvidia upscale to 4k,50,Low,0.0,,,0%,0%,Off-topic: editing utilities,exclude,(not targeted)
nvidia upscale video,50,Low,11.0,,,0%,0%,Off-topic: editing utilities,exclude,(not targeted)
online video link generator,50,Low,14.0,,,0%,0%,Off-topic: editing utilities,exclude,(not targeted)
online video url generator,50,Unknown,,,,-100%,0%,Off-topic: editing utilities,exclude,(not targeted)
slow mo generator,50,Low,11.0,,,0%,0%,Off-topic: editing utilities,exclude,(not targeted)
slow motion video generator,50,Low,14.0,,,0%,0%,Off-topic: editing utilities,exclude,(not targeted)
video direct link generator,50,High,71.0,,,0%,0%,Off-topic: editing utilities,exclude,(not targeted)
video link generator free,50,Low,21.0,1.39,3.13,0%,0%,Off-topic: editing utilities,exclude,(not targeted)
video to link generator online,50,Unknown,,,,0%,0%,Off-topic: editing utilities,exclude,(not targeted)
video url link generator,50,Low,14.0,,,0%,0%,Off-topic: editing utilities,exclude,(not targeted)
video url generator online,0,Unknown,,,,0%,0%,Off-topic: editing utilities,exclude,(not targeted)
capcut video editor,500000,Low,15.0,0.48,2.43,0%,900%,Off-topic: named editors & editing apps,exclude,(not targeted)
capcut video edit,500000,Low,15.0,0.48,2.43,0%,900%,Off-topic: named editors & editing apps,exclude,(not targeted)
windows movie maker,50000,Low,14.0,0.63,2.85,0%,0%,Off-topic: named editors & editing apps,exclude,(not targeted)
movie maker,50000,Low,28.0,0.53,2.18,0%,0%,Off-topic: named editors & editing apps,exclude,(not targeted)
adobe video editor,50000,Low,33.0,1.52,35.66,0%,0%,Off-topic: named editors & editing apps,exclude,(not targeted)
iphone video editor,50000,Low,26.0,0.6,2.31,0%,0%,Off-topic: named editors & editing apps,exclude,(not targeted)
clipchamp video editor,50000,Low,1.0,0.72,2.57,0%,0%,Off-topic: named editors & editing apps,exclude,(not targeted)
win movie maker,50000,Low,14.0,0.63,2.85,0%,0%,Off-topic: named editors & editing apps,exclude,(not targeted)
adobe premiere pro video editing,50000,Low,4.0,1.68,52.84,0%,0%,Off-topic: named editors & editing apps,exclude,(not targeted)
imovie video editing,50000,Low,2.0,0.74,2.99,0%,0%,Off-topic: named editors & editing apps,exclude,(not targeted)
adobe express video editor,50000,Low,1.0,0.61,2.67,0%,0%,Off-topic: named editors & editing apps,exclude,(not targeted)
freemake,50000,Low,0.0,1.01,3.57,0%,0%,Off-topic: named editors & editing apps,exclude,(not targeted)
adobe premiere video editor,50000,Low,4.0,1.68,52.84,0%,0%,Off-topic: named editors & editing apps,exclude,(not targeted)
davinci resolve video editor,50000,Low,2.0,1.0,4.12,0%,0%,Off-topic: named editors & editing apps,exclude,(not targeted)
cap cut video editor,50000,Low,4.0,0.58,2.83,-90%,0%,Off-topic: named editors & editing apps,exclude,(not targeted)
windows film maker,50000,Low,14.0,0.63,2.85,0%,0%,Off-topic: named editors & editing apps,exclude,(not targeted)
capcut video editing app,50000,Low,1.0,0.66,3.85,-90%,0%,Off-topic: named editors & editing apps,exclude,(not targeted)
movavi video editor,5000,High,96.0,0.89,3.3,0%,0%,Off-topic: named editors & editing apps,exclude,(not targeted)
vsdc free video editor,5000,Low,20.0,0.45,2.01,0%,0%,Off-topic: named editors & editing apps,exclude,(not targeted)
openshot video editor,5000,Low,14.0,0.47,2.59,0%,-90%,Off-topic: named editors & editing apps,exclude,(not targeted)
movie maker online,5000,Low,18.0,0.32,1.64,0%,0%,Off-topic: named editors & editing apps,exclude,(not targeted)
filmora video editor,5000,Medium,54.0,0.78,3.3,0%,0%,Off-topic: named editors & editing apps,exclude,(not targeted)
video editor for pc,5000,High,70.0,1.09,4.93,0%,0%,Off-topic: named editors & editing apps,exclude,(not targeted)
splice video editor,5000,Low,26.0,0.82,4.49,-90%,-90%,Off-topic: named editors & editing apps,exclude,(not targeted)
movavi slideshow maker,5000,High,92.0,0.94,3.3,0%,-90%,Off-topic: named editors & editing apps,exclude,(not targeted)
avs video editor,5000,Low,23.0,0.46,1.88,0%,0%,Off-topic: named editors & editing apps,exclude,(not targeted)
premiere video editing,5000,Low,31.0,1.18,29.49,0%,0%,Off-topic: named editors & editing apps,exclude,(not targeted)
inshot video editor,5000,Low,5.0,0.54,2.06,0%,0%,Off-topic: named editors & editing apps,exclude,(not targeted)
videopad video editor,5000,Medium,36.0,0.08,2.13,0%,-90%,Off-topic: named editors & editing apps,exclude,(not targeted)
premiere pro video editing,5000,Low,31.0,1.18,29.49,0%,0%,Off-topic: named editors & editing apps,exclude,(not targeted)
shotcut video editor,5000,Low,14.0,0.62,2.59,0%,0%,Off-topic: named editors & editing apps,exclude,(not targeted)
movie maker free,5000,Medium,50.0,0.66,2.68,0%,-90%,Off-topic: named editors & editing apps,exclude,(not targeted)
kapwing video editor,5000,Low,5.0,0.75,2.68,0%,0%,Off-topic: named editors & editing apps,exclude,(not targeted)
microsoft video editor,5000,Low,13.0,1.0,3.65,0%,0%,Off-topic: named editors & editing apps,exclude,(not targeted)
best video editing app for iphone,5000,Medium,44.0,0.91,2.72,0%,0%,Off-topic: named editors & editing apps,exclude,(not targeted)
video editor for chromebook,5000,Medium,36.0,0.43,2.3,-90%,-90%,Off-topic: named editors & editing apps,exclude,(not targeted)
best video editor for iphone,5000,Medium,42.0,0.94,2.74,0%,0%,Off-topic: named editors & editing apps,exclude,(not targeted)
movie maker app,5000,Medium,48.0,0.64,2.52,0%,0%,Off-topic: named editors & editing apps,exclude,(not targeted)
microsoft movie maker,5000,Low,9.0,0.68,3.07,0%,0%,Off-topic: named editors & editing apps,exclude,(not targeted)
best video editor for pc,5000,High,80.0,1.26,5.81,0%,0%,Off-topic: named editors & editing apps,exclude,(not targeted)
best video editor for android,5000,Medium,40.0,1.09,3.26,0%,0%,Off-topic: named editors & editing apps,exclude,(not targeted)
video editor windows 10,5000,Low,33.0,0.94,3.23,0%,-90%,Off-topic: named editors & editing apps,exclude,(not targeted)
davinci video editor,5000,Medium,42.0,0.93,3.9,0%,0%,Off-topic: named editors & editing apps,exclude,(not targeted)
free video editor for pc,5000,Medium,47.0,0.85,3.15,0%,0%,Off-topic: named editors & editing apps,exclude,(not targeted)
free video editor iphone,5000,Medium,35.0,0.82,2.28,900%,0%,Off-topic: named editors & editing apps,exclude,(not targeted)
kinemaster video editor,5000,Low,6.0,0.61,2.34,0%,0%,Off-topic: named editors & editing apps,exclude,(not targeted)
android video editor,5000,Medium,41.0,0.68,2.29,0%,0%,Off-topic: named editors & editing apps,exclude,(not targeted)
free video editing app for iphone,5000,Low,29.0,0.68,2.12,0%,0%,Off-topic: named editors & editing apps,exclude,(not targeted)
youcut video editor,5000,Low,17.0,0.6,2.26,0%,0%,Off-topic: named editors & editing apps,exclude,(not targeted)
slow down video iphone,5000,Low,4.0,0.36,2.11,900%,0%,Off-topic: named editors & editing apps,exclude,(not targeted)
ai movie maker,5000,Medium,65.0,1.07,4.99,0%,0%,Off-topic: named editors & editing apps,exclude,(not targeted)
corel video editor,5000,High,97.0,0.47,2.87,0%,0%,Off-topic: named editors & editing apps,exclude,(not targeted)
apple video editor,5000,Low,24.0,1.27,3.96,0%,0%,Off-topic: named editors & editing apps,exclude,(not targeted)
video editing apps for iphone,5000,Low,19.0,0.74,2.39,0%,-90%,Off-topic: named editors & editing apps,exclude,(not targeted)
moviemaker free,5000,Medium,50.0,0.66,2.68,0%,-90%,Off-topic: named editors & editing apps,exclude,(not targeted)
movie editor windows 10,5000,Low,33.0,0.94,3.23,0%,-90%,Off-topic: named editors & editing apps,exclude,(not targeted)
video editor macbook,5000,High,69.0,1.52,6.52,0%,0%,Off-topic: named editors & editing apps,exclude,(not targeted)
slow mo video iphone,5000,Low,3.0,0.61,2.62,0%,0%,Off-topic: named editors & editing apps,exclude,(not targeted)
best free video editor for pc,5000,Medium,37.0,1.0,3.92,0%,0%,Off-topic: named editors & editing apps,exclude,(not targeted)
slow motion video iphone,5000,Low,3.0,0.61,2.62,0%,0%,Off-topic: named editors & editing apps,exclude,(not targeted)
samsung video editor,5000,Low,12.0,0.73,2.38,0%,0%,Off-topic: named editors & editing apps,exclude,(not targeted)
android video editing app,5000,Low,23.0,0.77,2.38,0%,0%,Off-topic: named editors & editing apps,exclude,(not targeted)
google photos video editor,5000,Low,2.0,0.42,2.34,0%,0%,Off-topic: named editors & editing apps,exclude,(not targeted)
capcut online video editor,5000,Low,13.0,0.26,1.34,0%,0%,Off-topic: named editors & editing apps,exclude,(not targeted)
vlc video editor,5000,Low,12.0,0.27,2.23,0%,-90%,Off-topic: named editors & editing apps,exclude,(not targeted)
moviemakeronline,5000,Low,18.0,0.32,1.64,0%,0%,Off-topic: named editors & editing apps,exclude,(not targeted)
youtube studio video editor,5000,Low,2.0,0.84,3.47,0%,0%,Off-topic: named editors & editing apps,exclude,(not targeted)
best video editor app for android,5000,Medium,42.0,0.94,2.94,0%,-90%,Off-topic: named editors & editing apps,exclude,(not targeted)
clideo video editor,5000,Low,3.0,0.78,3.95,0%,0%,Off-topic: named editors & editing apps,exclude,(not targeted)
iphone slow down video,5000,Low,4.0,0.36,2.11,900%,0%,Off-topic: named editors & editing apps,exclude,(not targeted)
in shot video editor,5000,Low,5.0,0.54,2.06,0%,0%,Off-topic: named editors & editing apps,exclude,(not targeted)
macbook pro video editing,5000,High,87.0,0.57,3.33,900%,0%,Off-topic: named editors & editing apps,exclude,(not targeted)
macos video editor,5000,Medium,43.0,1.95,6.35,0%,-90%,Off-topic: named editors & editing apps,exclude,(not targeted)
video editor for ipad,5000,Low,21.0,0.38,5.73,0%,0%,Off-topic: named editors & editing apps,exclude,(not targeted)
windows movie,5000,Low,1.0,0.2,1.07,0%,0%,Off-topic: named editors & editing apps,exclude,(not targeted)
inshot video editing app,5000,Low,1.0,0.81,3.41,0%,-90%,Off-topic: named editors & editing apps,exclude,(not targeted)
video editing app for ipad,5000,Low,5.0,0.41,5.73,0%,-90%,Off-topic: named editors & editing apps,exclude,(not targeted)
video editor app ios,5000,Low,5.0,0.84,2.28,-90%,0%,Off-topic: named editors & editing apps,exclude,(not targeted)
capcut video maker,5000,Low,16.0,0.48,3.09,-90%,-90%,Off-topic: named editors & editing apps,exclude,(not targeted)
cap cut video editing app,5000,Low,2.0,0.29,1.63,0%,0%,Off-topic: named editors & editing apps,exclude,(not targeted)
movie maker windows 10,500,Low,33.0,0.17,1.54,0%,0%,Off-topic: named editors & editing apps,exclude,(not targeted)
best free video editing app for iphone,500,Medium,42.0,0.67,2.09,-90%,-90%,Off-topic: named editors & editing apps,exclude,(not targeted)
windows movie maker windows 10,500,Low,24.0,0.23,2.12,0%,0%,Off-topic: named editors & editing apps,exclude,(not targeted)
minitool movie maker,500,Low,28.0,0.72,2.75,0%,0%,Off-topic: named editors & editing apps,exclude,(not targeted)
adobe video maker,500,Medium,48.0,1.26,9.06,0%,0%,Off-topic: named editors & editing apps,exclude,(not targeted)
best free video editing app for android,500,Medium,47.0,0.65,2.18,0%,0%,Off-topic: named editors & editing apps,exclude,(not targeted)
windows movie maker windows 11,500,Low,28.0,0.57,2.8,0%,0%,Off-topic: named editors & editing apps,exclude,(not targeted)
veed create,500,Low,20.0,0.53,3.21,0%,0%,Off-topic: named editors & editing apps,exclude,(not targeted)
movie maker windows 11,500,Medium,39.0,0.52,2.82,0%,0%,Off-topic: named editors & editing apps,exclude,(not targeted)
adobe video editor free,500,Low,30.0,0.94,3.71,0%,0%,Off-topic: named editors & editing apps,exclude,(not targeted)
movie maker 10,500,Low,33.0,0.17,1.54,0%,0%,Off-topic: named editors & editing apps,exclude,(not targeted)
adobe movie maker,500,Medium,42.0,1.38,25.27,-90%,-90%,Off-topic: named editors & editing apps,exclude,(not targeted)
make video from photos iphone free,500,Medium,44.0,0.68,2.09,0%,0%,Off-topic: named editors & editing apps,exclude,(not targeted)
make video slow motion iphone,500,Low,14.0,0.72,2.57,900%,900%,Off-topic: named editors & editing apps,exclude,(not targeted)
minitool moviemaker,500,Low,27.0,0.78,3.35,0%,0%,Off-topic: named editors & editing apps,exclude,(not targeted)
make a video with pictures iphone,500,Medium,45.0,0.66,2.31,0%,0%,Off-topic: named editors & editing apps,exclude,(not targeted)
youtube movie maker,500,Low,21.0,0.95,3.9,0%,0%,Off-topic: named editors & editing apps,exclude,(not targeted)
adobe video creator,500,Medium,48.0,1.26,9.06,0%,0%,Off-topic: named editors & editing apps,exclude,(not targeted)
movie maker app free,500,Medium,65.0,0.6,2.39,0%,0%,Off-topic: named editors & editing apps,exclude,(not targeted)
free video editor for chromebook,500,Medium,34.0,0.36,1.56,0%,0%,Off-topic: named editors & editing apps,exclude,(not targeted)
create video from photos iphone,500,Low,27.0,0.6,2.67,0%,0%,Off-topic: named editors & editing apps,exclude,(not targeted)
add song to video iphone,500,Medium,46.0,0.84,2.49,0%,0%,Off-topic: named editors & editing apps,exclude,(not targeted)
capcut free video editor,500,Low,28.0,0.43,2.23,0%,0%,Off-topic: named editors & editing apps,exclude,(not targeted)
video editing app for pc,500,Medium,33.0,1.16,5.34,0%,0%,Off-topic: named editors & editing apps,exclude,(not targeted)
capcut video editor for pc,500,Low,32.0,0.55,3.37,0%,0%,Off-topic: named editors & editing apps,exclude,(not targeted)
movie maker video editor,500,Medium,34.0,0.88,3.75,0%,0%,Off-topic: named editors & editing apps,exclude,(not targeted)
clideo video maker,500,Low,4.0,0.62,2.26,0%,0%,Off-topic: named editors & editing apps,exclude,(not targeted)
photo movie maker,500,Medium,62.0,0.72,3.17,0%,0%,Off-topic: named editors & editing apps,exclude,(not targeted)
slow down a video on iphone,500,Low,8.0,0.63,2.23,0%,0%,Off-topic: named editors & editing apps,exclude,(not targeted)
best video editing app for pc,500,Low,30.0,1.06,4.33,0%,0%,Off-topic: named editors & editing apps,exclude,(not targeted)
windows movie editor,500,Low,32.0,1.31,3.37,0%,0%,Off-topic: named editors & editing apps,exclude,(not targeted)
best video editor for chromebook,500,Medium,45.0,0.58,2.96,0%,0%,Off-topic: named editors & editing apps,exclude,(not targeted)
best movie maker app,500,Medium,58.0,1.03,3.17,900%,0%,Off-topic: named editors & editing apps,exclude,(not targeted)
kapwing video maker,500,Low,2.0,,,0%,-90%,Off-topic: named editors & editing apps,exclude,(not targeted)
adobe creative cloud video editing,500,Low,26.0,1.84,11.75,0%,0%,Off-topic: named editors & editing apps,exclude,(not targeted)
slow video down iphone,500,Low,9.0,1.01,2.35,0%,0%,Off-topic: named editors & editing apps,exclude,(not targeted)
movie maker online free,500,Medium,37.0,0.59,2.3,0%,0%,Off-topic: named editors & editing apps,exclude,(not targeted)
windows movie maker windows 7,500,Low,9.0,0.27,1.95,0%,0%,Off-topic: named editors & editing apps,exclude,(not targeted)
slideshow movie maker,500,Medium,39.0,1.38,5.16,0%,0%,Off-topic: named editors & editing apps,exclude,(not targeted)
wondershare filmora video editor,500,Low,12.0,0.48,2.65,-90%,-90%,Off-topic: named editors & editing apps,exclude,(not targeted)
best free video editor for iphone,500,Medium,40.0,0.76,2.17,0%,0%,Off-topic: named editors & editing apps,exclude,(not targeted)
adobe slideshow maker,500,Low,32.0,1.54,7.63,0%,0%,Off-topic: named editors & editing apps,exclude,(not targeted)
movie maker windows 7,500,Low,9.0,0.27,1.95,0%,0%,Off-topic: named editors & editing apps,exclude,(not targeted)
veed subtitle generator,500,Low,4.0,0.15,2.26,0%,900%,Off-topic: named editors & editing apps,exclude,(not targeted)
google movie maker,500,Medium,37.0,1.07,3.94,0%,0%,Off-topic: named editors & editing apps,exclude,(not targeted)
animated movie maker,500,Medium,44.0,1.04,4.51,0%,0%,Off-topic: named editors & editing apps,exclude,(not targeted)
adobe video editor online,500,Low,9.0,0.55,4.87,0%,0%,Off-topic: named editors & editing apps,exclude,(not targeted)
photoshop video editor,500,Medium,42.0,1.22,4.37,0%,0%,Off-topic: named editors & editing apps,exclude,(not targeted)
microsoft video maker,500,Low,16.0,0.75,3.16,0%,0%,Off-topic: named editors & editing apps,exclude,(not targeted)
ios video editor,500,Low,18.0,0.73,2.24,-90%,0%,Off-topic: named editors & editing apps,exclude,(not targeted)
video movie maker,500,Low,27.0,0.81,3.77,0%,0%,Off-topic: named editors & editing apps,exclude,(not targeted)
windows movie maker 2012,500,Low,5.0,0.13,1.79,0%,0%,Off-topic: named editors & editing apps,exclude,(not targeted)
free video editor android,500,Low,33.0,0.57,1.9,900%,0%,Off-topic: named editors & editing apps,exclude,(not targeted)
loop a video on iphone,500,Low,17.0,0.59,2.15,0%,0%,Off-topic: named editors & editing apps,exclude,(not targeted)
slow down iphone video,500,Low,3.0,0.78,3.96,0%,0%,Off-topic: named editors & editing apps,exclude,(not targeted)
adobe video editing app,500,Low,23.0,1.76,28.25,0%,0%,Off-topic: named editors & editing apps,exclude,(not targeted)
video editing apps for chromebook,500,Low,25.0,0.53,2.86,0%,0%,Off-topic: named editors & editing apps,exclude,(not targeted)
corel video studio pro,500,High,73.0,0.75,3.89,0%,0%,Off-topic: named editors & editing apps,exclude,(not targeted)
imovie slideshow,500,Low,7.0,1.0,3.76,0%,0%,Off-topic: named editors & editing apps,exclude,(not targeted)
best ios video editor,500,Low,12.0,0.63,3.18,0%,0%,Off-topic: named editors & editing apps,exclude,(not targeted)
best free movie maker,500,Medium,59.0,1.04,3.93,0%,0%,Off-topic: named editors & editing apps,exclude,(not targeted)
best free video editor for android,500,Medium,40.0,0.69,2.16,0%,0%,Off-topic: named editors & editing apps,exclude,(not targeted)
movie maker video editor pro,500,Low,31.0,1.68,4.23,-90%,-90%,Off-topic: named editors & editing apps,exclude,(not targeted)
free editing apps for pc,500,Low,29.0,0.69,2.86,-90%,-90%,Off-topic: named editors & editing apps,exclude,(not targeted)
windows 11 movie maker,500,Medium,39.0,0.52,2.82,0%,0%,Off-topic: named editors & editing apps,exclude,(not targeted)
filmora video editing app,500,Low,3.0,,,-90%,-99%,Off-topic: named editors & editing apps,exclude,(not targeted)
best video editor for ipad,500,Medium,43.0,0.36,2.55,0%,-90%,Off-topic: named editors & editing apps,exclude,(not targeted)
movie maker 2012,500,Low,8.0,0.15,1.77,-90%,0%,Off-topic: named editors & editing apps,exclude,(not targeted)
free video editing app for pc,500,Medium,38.0,0.74,3.62,0%,0%,Off-topic: named editors & editing apps,exclude,(not targeted)
best video editing app for ipad,500,Low,11.0,0.5,5.24,0%,0%,Off-topic: named editors & editing apps,exclude,(not targeted)
video editor capcut,500,Low,27.0,0.57,2.74,0%,0%,Off-topic: named editors & editing apps,exclude,(not targeted)
apple video editing app,500,Low,12.0,1.02,3.63,0%,0%,Off-topic: named editors & editing apps,exclude,(not targeted)
free video editor ios,500,Low,26.0,0.44,1.78,900%,0%,Off-topic: named editors & editing apps,exclude,(not targeted)
simple video editor for pc,500,Medium,64.0,1.24,4.07,0%,-90%,Off-topic: named editors & editing apps,exclude,(not targeted)
video maker windows 10,500,Low,12.0,0.32,1.87,-90%,-90%,Off-topic: named editors & editing apps,exclude,(not targeted)
macbook air video editing,500,Medium,43.0,0.57,3.22,0%,0%,Off-topic: named editors & editing apps,exclude,(not targeted)
inshot web,500,Low,19.0,0.33,1.62,0%,0%,Off-topic: named editors & editing apps,exclude,(not targeted)
movie maker android,500,Low,26.0,0.33,1.67,0%,0%,Off-topic: named editors & editing apps,exclude,(not targeted)
kapwing online video editor,500,Low,4.0,0.44,1.97,0%,0%,Off-topic: named editors & editing apps,exclude,(not targeted)
microsoft movie editor,500,Low,24.0,1.16,3.08,-90%,-90%,Off-topic: named editors & editing apps,exclude,(not targeted)
capcut video editor online,500,Low,11.0,0.33,1.49,0%,0%,Off-topic: named editors & editing apps,exclude,(not targeted)
best video editing app for ios,500,Low,14.0,0.91,2.07,900%,0%,Off-topic: named editors & editing apps,exclude,(not targeted)
windows movie maker 2.6,500,Low,2.0,,,0%,0%,Off-topic: named editors & editing apps,exclude,(not targeted)
windows movie maker classic,500,Low,3.0,,,0%,900%,Off-topic: named editors & editing apps,exclude,(not targeted)
imovie add subtitles,500,Low,23.0,0.72,2.78,0%,0%,Off-topic: named editors & editing apps,exclude,(not targeted)
add subtitles premiere pro,500,Low,15.0,0.08,0.86,0%,0%,Off-topic: named editors & editing apps,exclude,(not targeted)
mini tool moviemaker,500,Low,28.0,0.72,2.75,0%,0%,Off-topic: named editors & editing apps,exclude,(not targeted)
samsung movie maker,500,Low,6.0,0.66,1.96,0%,0%,Off-topic: named editors & editing apps,exclude,(not targeted)
free editing app for pc,500,Low,29.0,0.69,2.86,-90%,-90%,Off-topic: named editors & editing apps,exclude,(not targeted)
microsoft photos video editor,500,Low,1.0,,,0%,0%,Off-topic: named editors & editing apps,exclude,(not targeted)
ipad pro video editing,500,Medium,34.0,0.32,3.36,0%,0%,Off-topic: named editors & editing apps,exclude,(not targeted)
adobe premiere rush video editor,500,Low,2.0,,,0%,-90%,Off-topic: named editors & editing apps,exclude,(not targeted)
movie maker win10,500,Low,33.0,0.17,1.54,0%,0%,Off-topic: named editors & editing apps,exclude,(not targeted)
inshot video maker,500,Medium,36.0,0.71,4.55,0%,-90%,Off-topic: named editors & editing apps,exclude,(not targeted)
davinci video editor free,500,Medium,39.0,0.76,2.56,0%,0%,Off-topic: named editors & editing apps,exclude,(not targeted)
ai youtube description generator,500,Low,20.0,0.5,3.24,-90%,-90%,Off-topic: named editors & editing apps,exclude,(not targeted)
capcut edit video,500,Low,6.0,0.46,1.78,900%,900%,Off-topic: named editors & editing apps,exclude,(not targeted)
movie maker 2.6,500,Low,2.0,,,0%,0%,Off-topic: named editors & editing apps,exclude,(not targeted)
cap cut free video editor,500,Low,28.0,0.43,2.23,0%,0%,Off-topic: named editors & editing apps,exclude,(not targeted)
inshot photo editor,500,Low,4.0,0.3,9.86,0%,0%,Off-topic: named editors & editing apps,exclude,(not targeted)
windows movie maker 6.0,500,Low,1.0,,,0%,0%,Off-topic: named editors & editing apps,exclude,(not targeted)
inshot video maker app,500,Low,0.0,,,0%,0%,Off-topic: named editors & editing apps,exclude,(not targeted)
microsoft bing videos,500,Low,1.0,0.92,2.88,0%,0%,Off-topic: named editors & editing apps,exclude,(not targeted)
vlc media player edit video,500,Low,8.0,0.03,2.42,0%,0%,Off-topic: named editors & editing apps,exclude,(not targeted)
windows movie maker xp,500,Low,1.0,,,0%,0%,Off-topic: named editors & editing apps,exclude,(not targeted)
movavi video editor 2023,50,Medium,52.0,,,0%,0%,Off-topic: named editors & editing apps,exclude,(not targeted)
splice video editor for pc,50,Medium,48.0,1.29,3.86,0%,0%,Off-topic: named editors & editing apps,exclude,(not targeted)
windows movie maker 2022,50,Low,0.0,,,0%,0%,Off-topic: named editors & editing apps,exclude,(not targeted)
adobe spark video maker,50,Low,0.0,,,0%,0%,Off-topic: named editors & editing apps,exclude,(not targeted)
movavi video editor 2022,50,Medium,64.0,2.3,3.3,0%,0%,Off-topic: named editors & editing apps,exclude,(not targeted)
free movie maker for windows 10,50,Medium,53.0,1.09,2.88,0%,0%,Off-topic: named editors & editing apps,exclude,(not targeted)
inshot video editor for pc,50,Medium,34.0,1.03,3.61,0%,0%,Off-topic: named editors & editing apps,exclude,(not targeted)
free video editor windows 10,50,Medium,42.0,0.79,3.11,0%,-90%,Off-topic: named editors & editing apps,exclude,(not targeted)
easy movie maker,50,Medium,43.0,0.74,3.85,0%,0%,Off-topic: named editors & editing apps,exclude,(not targeted)
best video making app for iphone,50,Medium,55.0,1.22,2.67,0%,-90%,Off-topic: named editors & editing apps,exclude,(not targeted)
imovie maker,50,Low,29.0,1.28,3.96,0%,-90%,Off-topic: named editors & editing apps,exclude,(not targeted)
best video maker for iphone,50,High,70.0,0.86,3.79,0%,0%,Off-topic: named editors & editing apps,exclude,(not targeted)
video maker for pc,50,Medium,35.0,0.82,4.84,0%,0%,Off-topic: named editors & editing apps,exclude,(not targeted)
best movie maker,50,Medium,53.0,1.06,6.52,0%,0%,Off-topic: named editors & editing apps,exclude,(not targeted)
video maker iphone,50,Medium,38.0,0.74,2.99,0%,0%,Off-topic: named editors & editing apps,exclude,(not targeted)
vita video editor for pc,50,Medium,46.0,,,0%,0%,Off-topic: named editors & editing apps,exclude,(not targeted)
magix movie maker,50,High,69.0,1.02,3.94,0%,0%,Off-topic: named editors & editing apps,exclude,(not targeted)
movavi video editor 2021,50,Medium,44.0,0.71,3.3,0%,0%,Off-topic: named editors & editing apps,exclude,(not targeted)
win movie maker 2022,50,Low,0.0,,,0%,0%,Off-topic: named editors & editing apps,exclude,(not targeted)
convert video to slow motion iphone,50,Low,10.0,0.85,1.57,0%,-90%,Off-topic: named editors & editing apps,exclude,(not targeted)
best movie maker for windows,50,Medium,51.0,2.83,7.77,0%,-90%,Off-topic: named editors & editing apps,exclude,(not targeted)
filmorago video editor & maker,50,Medium,57.0,,,0%,0%,Off-topic: named editors & editing apps,exclude,(not targeted)
movavi video editor free,50,Medium,38.0,1.85,4.02,0%,0%,Off-topic: named editors & editing apps,exclude,(not targeted)
best video editor for windows 10,50,Low,27.0,1.24,3.98,0%,0%,Off-topic: named editors & editing apps,exclude,(not targeted)
movavi video editor 2020,50,Medium,55.0,,,0%,0%,Off-topic: named editors & editing apps,exclude,(not targeted)
movie maker 2022,50,High,71.0,,,0%,0%,Off-topic: named editors & editing apps,exclude,(not targeted)
simple video editor windows 10,50,Low,31.0,1.01,4.37,0%,0%,Off-topic: named editors & editing apps,exclude,(not targeted)
adobe spark video editor,50,Low,11.0,,,0%,0%,Off-topic: named editors & editing apps,exclude,(not targeted)
best video maker app for iphone,50,Medium,60.0,1.19,2.62,0%,0%,Off-topic: named editors & editing apps,exclude,(not targeted)
freemake video editor,50,Low,20.0,0.47,2.17,0%,0%,Off-topic: named editors & editing apps,exclude,(not targeted)
inshot online video editor,50,Low,17.0,0.44,0.91,0%,0%,Off-topic: named editors & editing apps,exclude,(not targeted)
clideo com video maker,50,Low,1.0,,,0%,-90%,Off-topic: named editors & editing apps,exclude,(not targeted)
best video making app for android,50,Medium,52.0,1.54,5.43,0%,0%,Off-topic: named editors & editing apps,exclude,(not targeted)
youtube video editor for pc,50,Medium,62.0,0.99,2.62,0%,0%,Off-topic: named editors & editing apps,exclude,(not targeted)
vsdc free video editor for pc,50,Medium,43.0,,,0%,0%,Off-topic: named editors & editing apps,exclude,(not targeted)
movie maker free video editor,50,High,69.0,0.78,4.32,0%,0%,Off-topic: named editors & editing apps,exclude,(not targeted)
best video maker app for android,50,Medium,56.0,0.83,2.54,0%,0%,Off-topic: named editors & editing apps,exclude,(not targeted)
live movie maker,50,Low,32.0,0.48,1.48,-90%,0%,Off-topic: named editors & editing apps,exclude,(not targeted)
movavi video editor online,50,Low,25.0,0.44,1.02,0%,0%,Off-topic: named editors & editing apps,exclude,(not targeted)
easy video editor for pc,50,Medium,63.0,0.85,6.14,0%,0%,Off-topic: named editors & editing apps,exclude,(not targeted)
filmora video editor online,50,Medium,51.0,0.74,3.41,0%,0%,Off-topic: named editors & editing apps,exclude,(not targeted)
mini movie maker,50,Low,28.0,1.14,2.72,0%,0%,Off-topic: named editors & editing apps,exclude,(not targeted)
adobe video editor for pc,50,High,100.0,,,0%,0%,Off-topic: named editors & editing apps,exclude,(not targeted)
windows live movie maker windows 10,50,Low,3.0,,,0%,0%,Off-topic: named editors & editing apps,exclude,(not targeted)
hd movie maker,50,Medium,34.0,0.62,2.55,0%,0%,Off-topic: named editors & editing apps,exclude,(not targeted)
microsoft video editor windows 10,50,Low,14.0,,,0%,0%,Off-topic: named editors & editing apps,exclude,(not targeted)
ms movie maker,50,Low,13.0,0.28,6.46,0%,0%,Off-topic: named editors & editing apps,exclude,(not targeted)
best reel editing app for ios,50,High,75.0,0.79,1.41,∞,∞,Off-topic: named editors & editing apps,exclude,(not targeted)
video editor app windows 10,50,Low,32.0,0.94,5.14,0%,0%,Off-topic: named editors & editing apps,exclude,(not targeted)
movie maker for pc,50,High,87.0,0.91,5.22,0%,0%,Off-topic: named editors & editing apps,exclude,(not targeted)
app to make video with pictures and music free iphone,50,High,71.0,,,∞,0%,Off-topic: named editors & editing apps,exclude,(not targeted)
best tiktok editor for pc,50,High,71.0,,,0%,0%,Off-topic: named editors & editing apps,exclude,(not targeted)
filmora subtitle generator,50,Medium,51.0,0.94,2.26,0%,0%,Off-topic: named editors & editing apps,exclude,(not targeted)
microsoft windows movie maker,50,Low,11.0,,,0%,0%,Off-topic: named editors & editing apps,exclude,(not targeted)
movavi video suite 17,50,Medium,41.0,,,0%,0%,Off-topic: named editors & editing apps,exclude,(not targeted)
movie maker video editor free,50,High,71.0,1.11,3.85,0%,0%,Off-topic: named editors & editing apps,exclude,(not targeted)
filmora meme maker,50,Unknown,,,,-100%,-100%,Off-topic: named editors & editing apps,exclude,(not targeted)
best free video editing app for pc,50,Low,29.0,0.82,2.88,0%,0%,Off-topic: named editors & editing apps,exclude,(not targeted)
add subtitles to video premiere pro,50,Low,21.0,0.14,3.1,0%,0%,Off-topic: named editors & editing apps,exclude,(not targeted)
filmora9 video editor,50,Low,29.0,,,0%,0%,Off-topic: named editors & editing apps,exclude,(not targeted)
editing apps for pc free,50,Medium,43.0,0.68,2.99,0%,0%,Off-topic: named editors & editing apps,exclude,(not targeted)
youcut video editor & maker,50,Low,14.0,0.71,1.84,0%,0%,Off-topic: named editors & editing apps,exclude,(not targeted)
best lyric video maker app for android,50,Low,24.0,0.88,3.56,0%,0%,Off-topic: named editors & editing apps,exclude,(not targeted)
clideo online video maker,50,Low,0.0,,,0%,∞,Off-topic: named editors & editing apps,exclude,(not targeted)
youtube video editing app for pc,50,Medium,57.0,,,0%,0%,Off-topic: named editors & editing apps,exclude,(not targeted)
kapwing edit video,50,Low,10.0,,,0%,0%,Off-topic: named editors & editing apps,exclude,(not targeted)
kizoa movie maker,50,Low,30.0,0.45,2.77,0%,-90%,Off-topic: named editors & editing apps,exclude,(not targeted)
clideo video maker online,50,Low,17.0,,,0%,0%,Off-topic: named editors & editing apps,exclude,(not targeted)
microsoft movie maker windows 10,50,Low,9.0,,,0%,0%,Off-topic: named editors & editing apps,exclude,(not targeted)
best free editing apps for pc,50,Low,28.0,0.85,3.73,0%,0%,Off-topic: named editors & editing apps,exclude,(not targeted)
video editor kapwing,50,Low,8.0,1.22,7.35,0%,0%,Off-topic: named editors & editing apps,exclude,(not targeted)
online video editor for pc,50,Low,24.0,0.23,1.83,0%,0%,Off-topic: named editors & editing apps,exclude,(not targeted)
photo to video maker for pc,50,Low,29.0,,,∞,0%,Off-topic: named editors & editing apps,exclude,(not targeted)
minitool movie maker 4.0,50,Unknown,,,,0%,0%,Off-topic: named editors & editing apps,exclude,(not targeted)
video editor for pc windows 7,50,Low,0.0,,,0%,0%,Off-topic: named editors & editing apps,exclude,(not targeted)
videopad video editor free,50,Low,28.0,0.14,2.79,0%,0%,Off-topic: named editors & editing apps,exclude,(not targeted)
youtube description generator ai,50,Low,1.0,,,0%,0%,Off-topic: named editors & editing apps,exclude,(not targeted)
video maker app for pc,50,Medium,50.0,,,0%,0%,Off-topic: named editors & editing apps,exclude,(not targeted)
viva video editor for pc,50,Low,0.0,,,0%,0%,Off-topic: named editors & editing apps,exclude,(not targeted)
kapwing auto subtitle maker,50,Unknown,,,,-100%,-100%,Off-topic: named editors & editing apps,exclude,(not targeted)
loop iphone video,50,Low,4.0,0.47,1.77,0%,-90%,Off-topic: named editors & editing apps,exclude,(not targeted)
movie maker online video photo song,50,Low,0.0,,,0%,0%,Off-topic: named editors & editing apps,exclude,(not targeted)
windows movie maker 2021,50,Low,0.0,,,∞,0%,Off-topic: named editors & editing apps,exclude,(not targeted)
veed auto subtitle,50,Low,10.0,0.11,1.79,0%,0%,Off-topic: named editors & editing apps,exclude,(not targeted)
minitool video editor,50,Medium,46.0,,,0%,0%,Off-topic: named editors & editing apps,exclude,(not targeted)
free video editor capcut,50,Low,28.0,0.44,2.13,0%,0%,Off-topic: named editors & editing apps,exclude,(not targeted)
inshot video editor online,50,Low,20.0,,,0%,0%,Off-topic: named editors & editing apps,exclude,(not targeted)
best youtube video editing app for android,50,Low,0.0,,,0%,0%,Off-topic: named editors & editing apps,exclude,(not targeted)
kapwing collage maker,50,Low,3.0,,,0%,0%,Off-topic: named editors & editing apps,exclude,(not targeted)
shotcut video editor for pc,50,Medium,43.0,,,0%,0%,Off-topic: named editors & editing apps,exclude,(not targeted)
movie maker windows 8,50,Low,7.0,,,0%,0%,Off-topic: named editors & editing apps,exclude,(not targeted)
movie maker 10 free,50,High,71.0,,,0%,0%,Off-topic: named editors & editing apps,exclude,(not targeted)
windows movie maker 2020,50,Low,7.0,,,0%,0%,Off-topic: named editors & editing apps,exclude,(not targeted)
subtitle generator premiere pro,50,Medium,57.0,,,0%,0%,Off-topic: named editors & editing apps,exclude,(not targeted)
kinemaster video editor for pc,50,Low,0.0,,,0%,0%,Off-topic: named editors & editing apps,exclude,(not targeted)
iphone live photo to video,50,Low,1.0,,,0%,0%,Off-topic: named editors & editing apps,exclude,(not targeted)
adobe subtitle generator,50,Low,8.0,0.08,2.19,0%,0%,Off-topic: named editors & editing apps,exclude,(not targeted)
ai youtube description writer,50,Unknown,,,,-100%,-100%,Off-topic: named editors & editing apps,exclude,(not targeted)
vn editing app for pc,50,Low,14.0,,,0%,0%,Off-topic: named editors & editing apps,exclude,(not targeted)
premiere pro subtitle generator,50,Low,17.0,,,0%,0%,Off-topic: named editors & editing apps,exclude,(not targeted)
video editor & maker inshot,50,Low,19.0,0.7,2.27,0%,0%,Off-topic: named editors & editing apps,exclude,(not targeted)
top 10 video editing apps for android,50,Low,21.0,,,0%,0%,Off-topic: named editors & editing apps,exclude,(not targeted)
moviemaker minitool,50,Low,24.0,,,0%,0%,Off-topic: named editors & editing apps,exclude,(not targeted)
windows movie maker windows 8,50,Low,7.0,,,0%,0%,Off-topic: named editors & editing apps,exclude,(not targeted)
intro maker for pc,50,Unknown,,,,-100%,-100%,Off-topic: named editors & editing apps,exclude,(not targeted)
inshot online photo editor,50,Unknown,,,,0%,-100%,Off-topic: named editors & editing apps,exclude,(not targeted)
ai description generator for youtube,50,Low,5.0,,,0%,0%,Off-topic: named editors & editing apps,exclude,(not targeted)
youtube description writer ai,50,Unknown,,,,0%,-100%,Off-topic: named editors & editing apps,exclude,(not targeted)
inshot app video editor,50,Low,2.0,,,0%,0%,Off-topic: named editors & editing apps,exclude,(not targeted)
online inshot video editor,50,Medium,48.0,0.22,2.4,0%,0%,Off-topic: named editors & editing apps,exclude,(not targeted)
movavi key generator,50,Low,0.0,,,0%,0%,Off-topic: named editors & editing apps,exclude,(not targeted)
youtube description generator ai free,50,Unknown,,,,-100%,-100%,Off-topic: named editors & editing apps,exclude,(not targeted)
youtube ai description generator,50,Low,12.0,,,0%,0%,Off-topic: named editors & editing apps,exclude,(not targeted)
best video editing app for windows 10,50,High,86.0,,,0%,0%,Off-topic: named editors & editing apps,exclude,(not targeted)
clideo slideshow,50,Low,4.0,,,0%,0%,Off-topic: named editors & editing apps,exclude,(not targeted)
kapwing auto subtitle,50,Low,11.0,0.87,1.96,-90%,0%,Off-topic: named editors & editing apps,exclude,(not targeted)
auto subtitle generator filmora,50,Unknown,,,,0%,0%,Off-topic: named editors & editing apps,exclude,(not targeted)
clipchamp ai voice,50,Medium,35.0,0.58,3.27,0%,0%,Off-topic: named editors & editing apps,exclude,(not targeted)
adobe premiere subtitle generator,50,Low,22.0,0.18,2.55,0%,0%,Off-topic: named editors & editing apps,exclude,(not targeted)
ai description generator youtube,50,High,71.0,,,0%,0%,Off-topic: named editors & editing apps,exclude,(not targeted)
ai youtube channel description generator,50,Medium,62.0,,,0%,0%,Off-topic: named editors & editing apps,exclude,(not targeted)
auto subtitle generator davinci resolve,50,Low,5.0,,,0%,0%,Off-topic: named editors & editing apps,exclude,(not targeted)
auto subtitle generator for vlc,50,Low,29.0,,,0%,∞,Off-topic: named editors & editing apps,exclude,(not targeted)
auto subtitle generator premiere pro,50,Low,0.0,,,0%,0%,Off-topic: named editors & editing apps,exclude,(not targeted)
auto subtitle generator vlc,50,Low,0.0,,,0%,0%,Off-topic: named editors & editing apps,exclude,(not targeted)
automatic subtitle generator premiere pro,50,Unknown,,,,0%,0%,Off-topic: named editors & editing apps,exclude,(not targeted)
automatic subtitle generator vlc,50,Unknown,,,,0%,-100%,Off-topic: named editors & editing apps,exclude,(not targeted)
cap cut edit video,50,Low,7.0,,,0%,0%,Off-topic: named editors & editing apps,exclude,(not targeted)
capcut app video editor,50,Low,1.0,,,0%,0%,Off-topic: named editors & editing apps,exclude,(not targeted)
capcut i free video editor,50,Unknown,,,,0%,0%,Off-topic: named editors & editing apps,exclude,(not targeted)
capcut photo video editor,50,Low,3.0,,,-90%,0%,Off-topic: named editors & editing apps,exclude,(not targeted)
caption generator premiere pro,50,Low,29.0,,,0%,0%,Off-topic: named editors & editing apps,exclude,(not targeted)
filmora key generator,50,Unknown,,,,0%,-100%,Off-topic: named editors & editing apps,exclude,(not targeted)
freemake online,50,Low,1.0,,,900%,900%,Off-topic: named editors & editing apps,exclude,(not targeted)
kapwing loop,50,Low,6.0,,,0%,0%,Off-topic: named editors & editing apps,exclude,(not targeted)
kinemaster youtube video editing,50,Unknown,,,,0%,-100%,Off-topic: named editors & editing apps,exclude,(not targeted)
microsoft ai video,50,Medium,42.0,0.83,4.32,0%,0%,Off-topic: named editors & editing apps,exclude,(not targeted)
movavi video editor key generator,50,Unknown,,,,-100%,-100%,Off-topic: named editors & editing apps,exclude,(not targeted)
movie maker online video,50,Low,7.0,,,0%,0%,Off-topic: named editors & editing apps,exclude,(not targeted)
movie maker portable,50,Low,5.0,,,0%,0%,Off-topic: named editors & editing apps,exclude,(not targeted)
moviemakeronline com,50,Low,7.0,,,0%,0%,Off-topic: named editors & editing apps,exclude,(not targeted)
photo video maker with song for pc,50,Low,0.0,,,0%,0%,Off-topic: named editors & editing apps,exclude,(not targeted)
subtitle generator for vlc,50,Low,29.0,,,∞,0%,Off-topic: named editors & editing apps,exclude,(not targeted)
vlc auto subtitle generator,50,Low,0.0,,,0%,0%,Off-topic: named editors & editing apps,exclude,(not targeted)
vlc subtitle generator,50,Low,4.0,,,0%,0%,Off-topic: named editors & editing apps,exclude,(not targeted)
vsdc ai art generator,50,Low,0.0,,,0%,0%,Off-topic: named editors & editing apps,exclude,(not targeted)
windows movie maker portable,50,Low,5.0,,,0%,0%,Off-topic: named editors & editing apps,exclude,(not targeted)
youtube channel description generator ai,50,Unknown,,,,-100%,-100%,Off-topic: named editors & editing apps,exclude,(not targeted)
youtube description ai generator,50,Low,25.0,,,∞,0%,Off-topic: named editors & editing apps,exclude,(not targeted)
cartoon video maker app for pc,0,Unknown,,,,0%,0%,Off-topic: named editors & editing apps,exclude,(not targeted)
movie maker online mp3,0,Unknown,,,,0%,0%,Off-topic: named editors & editing apps,exclude,(not targeted)
minitool movie maker free 4.0,0,Unknown,,,,0%,0%,Off-topic: named editors & editing apps,exclude,(not targeted)
auto subtitle generator app for pc,0,Unknown,,,,0%,-100%,Off-topic: named editors & editing apps,exclude,(not targeted)
davinci resolve 18 key generator,0,Unknown,,,,0%,-100%,Off-topic: named editors & editing apps,exclude,(not targeted)
movavi video editor plus 2022 key generator,0,Unknown,,,,0%,0%,Off-topic: named editors & editing apps,exclude,(not targeted)
v video,5000,Low,0.0,0.95,5.79,0%,0%,Unclassified,exclude,(not targeted)
video making websites,500,Medium,47.0,1.06,4.3,0%,0%,Unclassified,exclude,(not targeted)
vidyard screen recording,500,Medium,46.0,1.21,12.9,0%,-90%,Unclassified,exclude,(not targeted)
add music to video online free,500,Low,29.0,0.25,1.33,0%,0%,Unclassified,exclude,(not targeted)
add song to video online free,500,Medium,33.0,0.26,1.53,900%,0%,Unclassified,exclude,(not targeted)
stable diffusion video,500,Low,26.0,0.83,3.72,0%,0%,Unclassified,exclude,(not targeted)
stable diffusion videos,500,Low,26.0,0.83,3.72,0%,0%,Unclassified,exclude,(not targeted)
horizontal video to vertical,500,Low,17.0,0.4,1.43,0%,0%,Unclassified,exclude,(not targeted)
gpt video,500,Medium,44.0,0.59,3.08,0%,0%,Unclassified,exclude,(not targeted)
link into video,500,Low,7.0,0.73,2.72,0%,0%,Unclassified,exclude,(not targeted)
vlognow,500,Low,15.0,0.66,2.15,0%,0%,Unclassified,exclude,(not targeted)
tesla optimus video,500,Low,0.0,,,0%,0%,Unclassified,exclude,(not targeted)
al composite video,50,Medium,36.0,,,0%,0%,Unclassified,exclude,(not targeted)
video builder,50,Medium,41.0,1.77,6.89,0%,0%,Unclassified,exclude,(not targeted)
fotoplay app,50,Low,30.0,0.29,1.93,900%,0%,Unclassified,exclude,(not targeted)
videoleap pro,50,Low,6.0,0.62,13.02,0%,0%,Unclassified,exclude,(not targeted)
best video creating app,50,Medium,57.0,1.31,4.51,0%,0%,Unclassified,exclude,(not targeted)
video mockup online,50,High,86.0,,,0%,0%,Unclassified,exclude,(not targeted)
offeo free,50,Unknown,,,,0%,-100%,Unclassified,exclude,(not targeted)
mockup video free online,50,Medium,34.0,,,0%,0%,Unclassified,exclude,(not targeted)
video making apps with songs,50,High,86.0,,,0%,0%,Unclassified,exclude,(not targeted)
best video transition app,50,High,67.0,,,0%,0%,Unclassified,exclude,(not targeted)
video mockup free online,50,Unknown,,,,0%,-100%,Unclassified,exclude,(not targeted)
mockup video online,50,Low,29.0,,,0%,0%,Unclassified,exclude,(not targeted)
magnifi by videoverse,50,Medium,33.0,,,0%,0%,Unclassified,exclude,(not targeted)
artificial video,50,Low,30.0,4.88,12.39,0%,0%,Unclassified,exclude,(not targeted)
blackmagic proxy,50,Low,0.0,,,0%,0%,Unclassified,exclude,(not targeted)
gpt 3 video,50,Unknown,,,,-100%,-100%,Unclassified,exclude,(not targeted)
jellysmack kamua,50,Unknown,,,,0%,-100%,Unclassified,exclude,(not targeted)
kai fu lee ted talk,50,Low,0.0,,,0%,0%,Unclassified,exclude,(not targeted)
live wallpaper converter,50,Low,3.0,0.52,1.25,0%,0%,Unclassified,exclude,(not targeted)
magnifi videoverse,50,Low,23.0,,,0%,0%,Unclassified,exclude,(not targeted)
making of video,50,Low,5.0,,,0%,0%,Unclassified,exclude,(not targeted)
pixpoz,50,Low,0.0,,,∞,0%,Unclassified,exclude,(not targeted)
stable diffusion for video,50,Low,26.0,1.45,4.23,0%,0%,Unclassified,exclude,(not targeted)
stable diffusion for videos,50,Low,26.0,1.45,4.23,0%,0%,Unclassified,exclude,(not targeted)
stable diffusion on video,50,Unknown,,,,0%,0%,Unclassified,exclude,(not targeted)
stable diffusion to video,50,Unknown,,,,-100%,-100%,Unclassified,exclude,(not targeted)
stable diffusion video to video,50,Low,7.0,,,0%,0%,Unclassified,exclude,(not targeted)
topaz video full,50,Low,5.0,,,0%,0%,Unclassified,exclude,(not targeted)
video stable diffusion,50,Medium,35.0,1.16,3.42,0%,0%,Unclassified,exclude,(not targeted)
video text effects online,50,Unknown,,,,0%,0%,Unclassified,exclude,(not targeted)
video to discord link converter,50,Low,0.0,,,0%,0%,Unclassified,exclude,(not targeted)
video to letter converter,50,Low,29.0,,,0%,0%,Unclassified,exclude,(not targeted)
video typing text effect online,50,High,71.0,,,∞,0%,Unclassified,exclude,(not targeted)
video with stable diffusion,50,Low,0.0,,,∞,0%,Unclassified,exclude,(not targeted)
ailongnhai ep5,0,Unknown,,,,0%,0%,Unclassified,exclude,(not targeted)
free ai video generator,500000,High,68.0,0.77,3.38,0%,900%,Free AI video generator (no free plan),low,/ai-video-tools
ai video generator free,50000,Medium,65.0,0.68,3.12,0%,0%,Free AI video generator (no free plan),low,/ai-video-tools
free ai video maker,50000,High,71.0,0.72,3.36,0%,900%,Free AI video generator (no free plan),low,/ai-video-tools
ai video maker free,5000,High,69.0,0.71,3.06,0%,0%,Free AI video generator (no free plan),low,/ai-video-tools
ai video editor free,5000,Medium,59.0,0.54,2.13,0%,0%,Free AI video generator (no free plan),low,/ai-video-tools
free ai video editor,5000,Medium,59.0,0.6,2.23,0%,0%,Free AI video generator (no free plan),low,/ai-video-tools
ai video creator free,5000,High,74.0,0.88,3.9,0%,0%,Free AI video generator (no free plan),low,/ai-video-tools
video ai free,5000,Medium,63.0,0.56,2.66,0%,0%,Free AI video generator (no free plan),low,/ai-video-tools
ai free video generator,5000,Medium,65.0,0.64,3.14,0%,0%,Free AI video generator (no free plan),low,/ai-video-tools
free ai video,5000,Medium,66.0,0.68,3.1,900%,900%,Free AI video generator (no free plan),low,/ai-video-tools
free ai video creator,5000,High,74.0,0.9,3.8,0%,0%,Free AI video generator (no free plan),low,/ai-video-tools
free video ai generator,5000,High,72.0,0.91,3.88,0%,0%,Free AI video generator (no free plan),low,/ai-video-tools
ai video generator for free,5000,Medium,59.0,0.55,2.77,0%,0%,Free AI video generator (no free plan),low,/ai-video-tools
create ai video free,5000,High,76.0,0.89,3.71,0%,0%,Free AI video generator (no free plan),low,/ai-video-tools
create ai videos for free,5000,High,75.0,1.18,4.74,0%,0%,Free AI video generator (no free plan),low,/ai-video-tools
video generator ai free,5000,High,68.0,0.7,3.46,0%,0%,Free AI video generator (no free plan),low,/ai-video-tools
video ai generator free,5000,Medium,65.0,0.73,3.65,0%,0%,Free AI video generator (no free plan),low,/ai-video-tools
create free ai video,5000,High,76.0,0.84,3.66,0%,0%,Free AI video generator (no free plan),low,/ai-video-tools
free video generator ai,5000,High,72.0,0.75,3.65,0%,0%,Free AI video generator (no free plan),low,/ai-video-tools
ai video free,5000,Medium,59.0,0.52,2.78,0%,0%,Free AI video generator (no free plan),low,/ai-video-tools
ai generated video free,5000,Medium,62.0,0.74,3.52,0%,0%,Free AI video generator (no free plan),low,/ai-video-tools
free video ai,5000,High,68.0,0.71,2.91,0%,0%,Free AI video generator (no free plan),low,/ai-video-tools
free video generator,5000,Medium,64.0,0.74,3.65,0%,0%,Free AI video generator (no free plan),low,/ai-video-tools
make ai video free,5000,High,73.0,0.85,3.51,0%,0%,Free AI video generator (no free plan),low,/ai-video-tools
free ai generated video,5000,High,71.0,0.89,3.67,0%,0%,Free AI video generator (no free plan),low,/ai-video-tools
make ai videos free,5000,High,73.0,0.85,3.51,0%,0%,Free AI video generator (no free plan),low,/ai-video-tools
ai videos for free,5000,High,72.0,0.67,3.01,0%,900%,Free AI video generator (no free plan),low,/ai-video-tools
generate ai video free,5000,High,69.0,0.71,3.6,0%,900%,Free AI video generator (no free plan),low,/ai-video-tools
ai generated videos free,5000,Medium,62.0,0.74,3.52,0%,0%,Free AI video generator (no free plan),low,/ai-video-tools
ai video generator free online,5000,Medium,59.0,0.56,2.68,0%,0%,Free AI video generator (no free plan),low,/ai-video-tools
free ai generated videos,5000,High,71.0,0.89,3.67,0%,0%,Free AI video generator (no free plan),low,/ai-video-tools
make free ai video,5000,High,72.0,0.81,3.57,0%,900%,Free AI video generator (no free plan),low,/ai-video-tools
ai videos free,5000,Medium,59.0,0.52,2.78,0%,0%,Free AI video generator (no free plan),low,/ai-video-tools
ai video for free,5000,High,72.0,0.67,3.01,0%,900%,Free AI video generator (no free plan),low,/ai-video-tools
create a free ai video,500,High,75.0,0.96,4.22,0%,0%,Free AI video generator (no free plan),low,/ai-video-tools
video to text ai free,500,Medium,51.0,0.6,2.54,0%,0%,Free AI video generator (no free plan),low,/ai-video-tools
free ai video generator free,500,Medium,61.0,0.5,2.59,0%,0%,Free AI video generator (no free plan),low,/ai-video-tools
video creator ai free,500,High,72.0,0.96,4.19,0%,0%,Free AI video generator (no free plan),low,/ai-video-tools
video maker ai free,500,High,67.0,0.68,3.34,0%,0%,Free AI video generator (no free plan),low,/ai-video-tools
create video with ai free,500,High,74.0,0.97,3.6,0%,0%,Free AI video generator (no free plan),low,/ai-video-tools
ai generator video free,500,Medium,59.0,0.63,3.18,0%,900%,Free AI video generator (no free plan),low,/ai-video-tools
create video ai free,500,High,70.0,0.8,2.96,0%,0%,Free AI video generator (no free plan),low,/ai-video-tools
ai movie generator free,500,Medium,58.0,0.82,3.29,0%,0%,Free AI video generator (no free plan),low,/ai-video-tools
free video maker ai,500,High,72.0,0.77,3.66,0%,0%,Free AI video generator (no free plan),low,/ai-video-tools
free ai video generator online,500,Medium,50.0,0.37,2.59,0%,0%,Free AI video generator (no free plan),low,/ai-video-tools
free online ai video generator,500,Medium,62.0,0.53,3.14,900%,900%,Free AI video generator (no free plan),low,/ai-video-tools
ai video creation free,500,High,73.0,1.03,4.51,0%,0%,Free AI video generator (no free plan),low,/ai-video-tools
ai video free generator,500,Medium,61.0,0.54,2.96,0%,0%,Free AI video generator (no free plan),low,/ai-video-tools
free ai video creation,500,High,76.0,1.08,4.51,0%,0%,Free AI video generator (no free plan),low,/ai-video-tools
ai free video maker,500,High,68.0,0.66,2.73,0%,0%,Free AI video generator (no free plan),low,/ai-video-tools
ai video generator online free,500,Medium,54.0,0.37,2.43,0%,0%,Free AI video generator (no free plan),low,/ai-video-tools
free ai movie generator,500,High,68.0,0.97,4.03,900%,900%,Free AI video generator (no free plan),low,/ai-video-tools
text to ai video free,500,Medium,50.0,0.49,2.97,900%,0%,Free AI video generator (no free plan),low,/ai-video-tools
free ai generator video,500,Medium,66.0,0.69,3.5,900%,900%,Free AI video generator (no free plan),low,/ai-video-tools
free ai video maker online,500,Medium,58.0,0.43,1.97,0%,-90%,Free AI video generator (no free plan),low,/ai-video-tools
generate free ai video,500,High,74.0,0.85,3.66,0%,0%,Free AI video generator (no free plan),low,/ai-video-tools
ai video maker free online,500,Medium,58.0,0.5,2.62,0%,0%,Free AI video generator (no free plan),low,/ai-video-tools
ai free video,500,Medium,54.0,0.49,2.39,0%,0%,Free AI video generator (no free plan),low,/ai-video-tools
final cut pro generators free,50,Medium,55.0,0.83,2.98,0%,0%,Free AI video generator (no free plan),low,/ai-video-tools
create free video with ai,50,High,81.0,0.8,3.22,900%,900%,Free AI video generator (no free plan),low,/ai-video-tools
free mockup video generator,50,Medium,57.0,0.6,5.67,0%,0%,Free AI video generator (no free plan),low,/ai-video-tools
free generators for final cut pro,50,Medium,55.0,0.83,2.98,0%,0%,Free AI video generator (no free plan),low,/ai-video-tools
create ai video free online,50,High,75.0,0.62,3.11,900%,900%,Free AI video generator (no free plan),low,/ai-video-tools
create free ai video online,50,High,70.0,0.68,3.79,0%,0%,Free AI video generator (no free plan),low,/ai-video-tools
video mockup generator free,50,Low,32.0,0.91,2.75,0%,0%,Free AI video generator (no free plan),low,/ai-video-tools
create a ai video free,50,High,79.0,0.77,2.67,0%,0%,Free AI video generator (no free plan),low,/ai-video-tools
free audio waveform video generator,50,Unknown,,,,-100%,-100%,Free AI video generator (no free plan),low,/ai-video-tools
create your free ai video,50,Unknown,,,,0%,0%,Free AI video generator (no free plan),low,/ai-video-tools
sound wave video generator free,50,Low,5.0,,,0%,0%,Free AI video generator (no free plan),low,/ai-video-tools
ai character video generator free,50,Medium,44.0,0.66,3.44,0%,0%,Free AI video generator (no free plan),low,/ai-video-tools
free text to ai video,50,Medium,66.0,0.79,3.03,0%,-90%,Free AI video generator (no free plan),low,/ai-video-tools
ai human video generator free,50,Low,27.0,0.99,3.46,0%,0%,Free AI video generator (no free plan),low,/ai-video-tools
free ai human video generator,50,Medium,57.0,0.72,6.04,0%,0%,Free AI video generator (no free plan),low,/ai-video-tools
free waveform video generator,50,High,71.0,,,0%,0%,Free AI video generator (no free plan),low,/ai-video-tools
ai video online free,50,Medium,57.0,0.46,2.73,0%,0%,Free AI video generator (no free plan),low,/ai-video-tools
kinetic typography generator online free,50,Low,0.0,,,0%,0%,Free AI video generator (no free plan),low,/ai-video-tools
sony vegas pro 16 serial number free keys generator,50,Unknown,,,,0%,-100%,Free AI video generator (no free plan),low,/ai-video-tools
waveform video generator free,50,Low,14.0,,,0%,∞,Free AI video generator (no free plan),low,/ai-video-tools
